code,name,supportpereat,calory,carbo,protein,fat,sugar,natrium,chole,fattyacid,transfat,maker,material,img,allergy,count
1,신라면큰사발,80,347.37,54.74,5.61,11.93,2.81,1087.72,0,5.61,0,농심,"육수맛조미베이스,소맥분(호주산,미국산),버섯풍미분말,감자전분(독일산),정백당,팜유(말레이시아산),변성전분,복합조미간장분말,난각칼슘,매운탕분말,정제염,정제염,비프조미페이스트,사골된장분말,비프조미분,이스트조미액,포도당,면류첨가알칼리제 ( 산도조절제 ),생고추조미분말,혼합제제 ( 산도조절제 ),칠리맛조미분,올리고녹차풍미액,양념구이조미분,비타민B₂,볶음양념분,수육조미분,호화감자전분,조미양념분,마늘추출물분말,후추가루,분말된장,5-리보뉴클레오티드이나트륨,양파풍미분,사골추출물분말,육수조미분말,양파조미베이스,호박산이나트륨,장국양념분말,다시마정미추출분말,매운맛조미분,고춧가루,분말카라멜 ( 카라멜색소 , 물엿분말 ),생강추출물분말,건표고버섯,건파,건청경채,조미건조홍고추",img/신라면큰사발.jpg,,36
2,진라면컵매운맛,80,275.2,42.24,5.76,8.96,3.2,1139.2,0,3.2,0,오뚜기,"참맛매운육수분말,소맥분(미국산,호주산),변성전분,포도당,발효복합분,팜유(말레이시아산),진한감칠맛분,글루텐,숙성마늘맛분,정제소금,마늘양념분말,유화유지,난각분말,볶음마늘분,치킨추출농축액,백설탕,마늘시즈닝,간장분말,야채추출물,식용유지가공품,면류첨가알칼리제 ( 산도조절제 ),정제소금,비타민 B₂,효모조미분,칠리맛분말,녹차풍미유,전분,쇠고기간장분말,쇠고기향미분말,후추분말,고춧가루,구아검,조미아미노산분말,향미증진제,칠리추출물,고추농축소스,산도조절제,건파,조미쇠고기맛후레이크,건당근,건표고버섯,건조채심,건고추입자,[ 소맥분 ( 밀 ), 탈지대두 ( 대두 ), 유당 ( 우유 ), 난각분말 ( 계란 ), 땅콩단백 ( 땅콩 ), 돈골 ( 돼지고기 )]",img/진라면컵매운맛.jpg,"대두,땅콩,우유,돼지고기",52
3,큰컵삼양라면,80,272.7,42.88,4.99,8.9,2.24,940.54,0,4.48,0,삼양식품,"볶음면조미분말,소맥분(미국산,호주산),부대찌개베이스,전분(태국산),팜유,설탕,정제염,정제염,맛베이스에스,미감에스유,식물성간장분말,면류첨가알칼리제 ( 산도조절제 ),감자전분,양파엑기스,양념간장분,구아검,지미맛분말,비타민B₂,구연산,햄풍미분말,육수맛분말,녹차풍미유,김치조미분말,돈육풍미분말,볶음양념분말,혼합양념분말,진사골추출물분말,전지분유,팜유,부대찌개분말,쇠고기양념분말,저염풍미분에스,후추분,향미증진제,매운조미고추맛분,김치찌개풍미분말,베이컨향분말,햄베이스시즈닝,파프리카추출색소,마늘맛오일,조미콩단백,실당근,건청파,청경채,고단백건조유부,{ 소맥분 ( 밀 ), 탈지대두 ( 대두 ), 돼지고기 , 전지분유 ( 우유 ), 계란 , 땅콩 }",img/큰컵삼양라면.jpg,"대두,땅콩,우유,돼지고기",3
4,새우탕큰사발,80,372,48.16,7.68,15.76,0,1876,0,0,0,농심,"소맥분(호주산,미국산),감자전분(독일산),팜유,변성전분,식물성풍미유,난각칼슘,정제염,야채조미추출물,면류첨가알칼리제 ( 산도조절제 ),혼합제제 ( 산도조절제 ),올리고녹차풍미액,비타민B₂,새우베이스분말,정제염,정백당,육수베이스분말,매운맛분말,조미양념분,매운탕조미분말,호화옥수수분,육수맛조미베이스,오징어조미분말,오징어풍미분말,양념구이조미분,5-리보뉴클레오티드이나트륨,분말고추장,이스트풍미분,호박산이나트륨,복합조미간장분말,분말카라멜 ( 카라멜색소 , 물엿분말 ),다시마정미추출분말,혼합해물베이스분말,멸치조미분,향신조미분,후추가루,다시마표고조미분,수화검 ( 구아검 , 산탄검 ),후추추출물분말,어포,새우맛볼,건미역,건당근,건새우,새우 ( 중국산 58.1% , 캐나다산 41.0% , 국내산 0.9% )",img/새우탕큰사발.jpg,새우,2
5,육개장큰사발면,80,273.45,42.47,5.24,9.31,1.75,936.73,0,4.65,0,농심,"육개장조미료,소맥분(호주산,미국산),팜유(말레이시아산),정제염,양념간장베이스,감자전분,변성전분,조미아미노산간장분말,정백당,식물성풍미유,물엿분말,난각칼슘,양념풍미분,정제염,볶음양념분,면류첨가알칼리제 ( 산도조절제 ),육수조미분말,비프양념분말,혼합제제 ( 산도조절제 ),간장조미액,마늘추출물분말,복합양념분말,구아검,올리고녹차풍미액,팜유조미분말,이스트풍미분,비타민B₂,후추가루,매운맛조미분,5-리보뉴클레오티드이나트륨,분말고추장,양파풍미분,수육조미분,호박산이나트륨,칠리풍미분말,복합조미간장분말,건파,계란스크램블,건조맛살어묵,소용돌이맛살",img/육개장큰사발면.jpg,,0
6,메로나,100,156.25,25,1.25,6.25,20,68.75,19,4.75,1,빙그레,"정제수,백설탕,데어리스프레드 (외국산:뉴질랜드,독일,호주),프락토올리고당,물엿,혼합탈지분유 ( 외국산 :네덜란드,아일랜드,독일),말티톨시럽,메론시럽 0.15% ( 메론 70% : 국산 ),정제염,로커스트콩검,셀룰로오스검,혼합제제 ( 구아검 , 로커스트콩검 , 카라기난 , 셀룰로오스검 , 유화제 ),치자청색소,심황색소,합성착향료 ( 메론향 )",img/메로나.jpg,,3
7,누크바,100,274,25,3,18.3,17.33,65,0,0,0,롯데제과,"정제수,기타코코아가공품[야자유(수입산),백설탕,채종유(호주산),땅콩버터,혼합분유,코코아매스],백설탕,혼합분유(수입산;탈지분유,유청분말),기타올리고당 ( 물엿 , 이소말토올리고당 , 액상과당 ),땅콩(중국산),가공버터 ( 유크림 , 야자유 ),아이스혼합유 ( 야자유 80% , 팜유 20% ),혼합제제Ⅰ ( 구아검 , 로커스트콩검 , 카라기난 , 타마린드검 ),천연착향료 ( 바닐라향 ),유화제,합성착향료 ( 바닐라향 ),혼합제제Ⅱ ( 치자황색소 , 덱스트린 , 비트레드 )",img/N45누크바.jpg,땅콩,1
8,비비빅,100,186.67,40,3.33,1.6,21.25,106.67,7,1.07,0,빙그레,"정제수,당통팥22%(중국산: 백설탕 , 팥 ),백설탕,물엿,팥분말(중국산),혼합탈지분유,데어리스프레드,액상과당,찰옥수수알파전분,유청분말,정제염,구아검,락색소,카라멜색소,합성착향료 ( 팥향 ),치자청색소",img/비비빅.jpg,,0
9,수박바,100,110.93,24.67,0.33,2.24,18.67,25.83,0,1.11,0,롯데제과,"정제수,백설탕,프락토올리고당,초코땅콩 ( 땅콩 ),폴리덱스트로스,말티톨시럽,아이스혼합유,유화제,혼합제제 ( 구아검 ( 대두 ), 카라기난 , 산도조절제 , 로커스트콩검 , 타마린드검 ),수박농축액 0.1% ( 고형분 65% ),합성착향료 ( 딸기향 , 멜론향 ),정제소금,혼합제제II ( 비트레드 , 덱스트린 , 치자황색소 ),비타민C,구연산,혼합제제III ( 치자청색소 , 치자황색소 , 덱스트린 )",img/수박바.jpg,"대두,땅콩",0
10,죠스바,100,113.33,28.4,0.04,0.09,20,0.68,0,0,0,롯데제과,"정제수,프락토올리고당,백설탕,기타올리고당 ( 물엿 , 이소말토올리고당 , 액상과당 ),딸기쨈3%(딸기;국산),구연산,오렌지농축액0.14%(고형분65%),합성착향료 ( 딸기향 , 오렌지향 ),혼합제제Ⅰ ( 카라기난 , 구아검 ( 대두 ), 산도조절제 , 로커스트콩검 , 타마린드검 ),혼합제제Ⅱ ( 구아검 , 카라기난 , 산도조절제 , 로커스트콩검 , 타마린드검 ),혼합제제Ⅲ ( 유화제 , 탄산칼슘 , 규소수지 ),비타민C,혼합제제Ⅳ ( 덱스트린 , 치자청색소 , 홍국적색소 , 치자황색소 ),혼합제제Ⅴ ( 비트레드 , 덱스트린 , 치자황색소 )",img/죠스바.jpg,대두,0
11,서울우유바나나,200,340,44,10,14,40.44,170,40,8,0,서울우유,"원유 60.12%(국산),정제수,액상과당,정백당,유크림 2.93%(국산),탈지분유 2.143%,바나나농축과즙(바나나과즙 1%,이스라엘산),올리고당,합성착향료 ( 바나나향 )",img/서울우유바나나.jpg,,1
12,맛있는우유GT,200,280,20,12,16,18,200,60,9.6,0,남양유업,"1A등급 원유 ( 국산 ) 100% ( 세균수기준 )",img/맛있는우유GT.jpg,,1
13,칠성사이다,200,168.42,42.11,0,0,33.6,10.53,0,0,0,롯데칠성음료,"정제수,액상과당,백설탕,탄산가스,구연산,레몬라임향",img/칠성사이다.jpg,,0
14,비타500칼슘,200,172.9,43,0.09,0.06,44,143.84,0,0,0,광동제약,"정제수,액상과당,농축사과과즙 ( 당도 72Brix이상 , 뉴질랜드산 ),비타민C 0.5% ( 900% ),퓨라칼 (칼슘12%이상)0.05%,합성착향료 ( 드링크향 ),구연산,케이디비타 2800,구연산삼나트륨,펙틴,타우린,DL-사과산,오렌지추출물",img/비타500칼슘.jpg,,0
15,비타파워,200,100,24,0,0,12.55,60,0,0,0,롯데제과,"정제수,액상과당,비타민C,구연산,합성착향료 ( 드링크향 , 혼합과일향 ),구연산삼나트륨,효소처리스테비아,타우린,수크랄로스 ( 합성감미료 ),비타민B2인산에스테르나트륨",img/비타파워.jpg,,0
16,칸타타아메리카노,200,80,18.29,0,0,13.72,125.71,0,0,0,롯데제과,"칸타타원두커피추출액30%(에티오피아50%,콜롬비아30%,브라질20%),정제수,백설탕,합성착향료 ( 커피향 ),탄산수소나트륨,L-아스코르빈산나트륨",img/칸타타아메리카노.jpg,,0
17,칸타타프리미엄라떼,200,182.86,36.57,4.57,2.06,36.56,228.57,11,1.37,0,롯데제과,"칸타타원두커피추출액42%(에티오피아50%,콜롬비아30%,브라질20%),정제수,우유15%(국내산),백설탕,혼합분유 ( 탈지분유 , 유청분말 ),탄산수소나트륨,합성착향료 ( 커피향 , 우유향 ),유화제,L-아스코르빈산나트륨",img/칸타타프리미엄라떼.jpg,우유,0
18,맥심티오피스위트아메리카노,200,70.4,17.6,0,0,16,52,0,0,0,동서식품,"맥심 에스프레소 커피추출액 ( 고형분 5.0%이상 ,커피원두:콜롬비아산60%,브라질산21%)12.6%,정제수,백설탕,탄산칼륨,합성착향료 ( 커피향 ),비타민C,자당지방산에스테르",img/맥심티오피스위트아메리카노.jpg,,0
19,맥심티오피마스터라떼,200,156.4,26,3.2,4.4,26.2,72.73,16,3.2,0,동서식품,"정제수,우유 (국내산)15%,맥심 에스프레소 커피추출액 ( 고형분 5.0%이상 ,커피원두:콜롬비아산60%,브라질산21%)12.6%,백설탕,유크림,탈지분유,탄산칼륨,자당지방산에스테르,비타민C",img/맥심티오피마스터라떼.jpg,우유,0
20,아카페라아메리카노,200,58.33,13.33,0.83,0,11.68,91.67,0,0,0,빙그레,"정제수,콜드브루커피추출액7%(고형분3%이상/커피원두:에티오피아40%,콜롬비아30%,브라질30%),백설탕,에스프레소커피추출액 1.54% ( 고형분 34%이상 /커피원두:브라질),탄산수소나트륨,아스코르빈산나트륨,천연커피향",img/아카페라아메리카노.jpg,,0
27,김치볶음밥,500,754.73,120,23.07,20.27,4.28,1791.99,153,7.1,0,밥류,,img/볶음밥.jpg,,5
34,김치쌈밥,169,205.15,39.48,7.55,4.11,0,553.19,0,0,0,,"김치, 쌈, 밥",img/noimg.jpg,,37
35,농어초밥,250,396.74,78.75,17.43,1.34,13.01,1035.04,27,0.65,0,밥류,,img/초밥.jpg,,0
42,돼지국밥(밀양),1200,911.4,74.66,66.36,38.59,0,1096.58,143,8.44,0,밀양,"돼지, 밥, 국",img/noimg.jpg,,47
43,"두부 채소 볶음밥",281,321.41,60.3,13.63,6.58,0,212.77,0,0,0,밥류,,img/볶음밥.jpg,,0
44,"레몬이 들어간 새우 케밥",200,215.4,35.02,15.16,2.86,0,167.56,0,0,0,,"레몬, 새우, 밥, 계란",img/noimg.jpg,,4
45,류산슬덮밥,550,574.99,73.95,26.96,19.04,0.42,1579.35,121,3.39,0,밥류,,img/덮밥.jpg,,2
52,멍게비빔밥(거제),400,547.21,90.67,16.57,13.14,16.69,1144.8,22,2.42,0,밥류,,img/noimg.jpg,,4
53,멸치주먹밥,150,312.43,54.33,9.04,6.55,0.9,496.21,42,1.05,0,,"멸치, 밥, 김, 참기름, 소금",img/noimg.jpg,,4
54,묵밥(영주),950,642.16,128.55,14.76,7.66,15.08,2075.5,43,1.5,0,밥류,,img/noimg.jpg,,6
55,문어초밥,250,392.23,81.78,14.61,0.74,13.38,1200.86,70,0.35,0,밥류,,img/초밥.jpg,,0
62,볶음밥,400,773.3,112.68,18.79,27.5,0.86,1203.19,161,12.79,0,밥류,,img/볶음밥.jpg,,0
69,불고기덮밥,500,669.3,102.35,28.62,16.16,4.39,1499.14,67,4.57,0,밥류,,img/덮밥.jpg,,0
76,비빔밥,500,706.62,114.83,19.92,18.62,25.66,1337.1,111,3.85,0,밥류,,img/noimg.jpg,,0
82,비빔밥(전주),450,691.62,98.73,24.6,22.03,18.29,1119.65,95,3.9,0,밥류,,img/noimg.jpg,,0
84,삼선볶음밥,400,686.11,85.75,26.24,26.46,1.58,1213.56,327,6.33,0,밥류,,img/볶음밥.jpg,,2
91,"새싹 비빔밥",251,264.53,50.53,8.73,5.35,0,317.62,0,0,0,밥류,,img/noimg.jpg,,0
92,새우볶음밥,400,700.02,112.86,17.92,19.66,1.2,1395.06,149,3.96,0,밥류,,img/볶음밥.jpg,,0
99,새우초밥,250,387.67,78.42,16.81,0.75,11.65,1110.29,73,0.55,0,밥류,,img/초밥.jpg,,0
106,새우튀김롤,300,606.5,96.28,14.47,18.17,11.15,1391.43,56,3.41,0,밥류,,img/튀김.jpg,,0
113,샐러드김밥,250,405.95,61.45,9.61,13.52,3.42,911.18,85,2.79,0,밥류,,img/김밥.jpg,,0
120,생선초밥(광어),300,453.78,77.55,27.07,3.92,7.7,808.75,47,1.06,0,밥류,,img/초밥.jpg,,0
127,생선초밥(모듬),300,461.97,76.43,25.42,6.06,8.65,968.94,71,1.51,0,밥류,,img/초밥.jpg,,0
134,소고기국밥(밥포함),700,330.53,42.62,21.82,8.09,2.76,1786.3,42,2.27,0,밥류,,img/noimg.jpg,,0
135,소고기김밥,250,400.61,62.52,15.98,9.62,0.84,1061.19,93,2.53,0,밥류,,img/김밥.jpg,,0
142,소머리국밥,800,631.99,17.53,75.98,28.66,0,823.26,242,9.67,1,밥류,,img/noimg.jpg,,0
144,소머리국밥(경기광주),1100,903.95,74.87,83.19,30.18,0,675.36,297,9.44,1,밥류,,img/noimg.jpg,,0
150,송이덮밥,600,581.81,95.6,18.22,14.06,2.27,1678.01,48,2.79,0,밥류,,img/덮밥.jpg,,0
157,"쇠고기 말이 쌈밥",150,203.71,27.5,11.23,6.09,0,353.57,0,0,0,밥류,,img/noimg.jpg,,0
158,"숯불갈비 삼각김밥",100,172.4,31.95,3.94,3.2,0.02,282.1,4,0.6,0,밥류,,img/김밥.jpg,,0
165,쌀밥,200,272,66.4,6,0.2,0,6,0,0,0,밥류,,img/noimg.jpg,,0
166,쌈밥,316,314.55,57.51,13.21,3.63,0,556.92,0,0,0,밥류,,img/noimg.jpg,,0
167,알밥,400,618.5,116.78,14.59,10.34,0.92,1339.31,84,2.49,0,밥류,,img/noimg.jpg,,0
174,약초비빔밥(산청),400,511.8,80.16,11.9,15.95,2.89,971.61,0,2.35,0,밥류,,img/noimg.jpg,,0
175,연어롤,300,510.19,74.32,18.57,15.41,8.47,1211.9,62,2.83,0,밥류,,img/noimg.jpg,,0
182,연어초밥,250,447.32,71.04,18.88,9.74,12.88,1064.39,32,1.84,0,밥류,,img/초밥.jpg,,0
189,영양밥,174,321.41,63.61,6.3,5.06,0,101.7,0,0,0,밥류,,img/noimg.jpg,,0
190,오곡밥,250,390,82.25,12,1.25,0.25,113.9,0,0.5,0,밥류,,img/noimg.jpg,,0
191,오므라이스,450,729.97,112.45,21.52,21.56,10.35,1483.37,206,5.8,0,밥류,,img/noimg.jpg,,0
198,"오징어 덮밥",500,679.9,107.31,31.5,13.85,5.71,1622.91,281,2.31,0,밥류,,img/덮밥.jpg,,0
205,유부초밥,250,446.33,82.31,12.45,7.47,10.67,1046.17,2,1.53,0,밥류,,img/초밥.jpg,,0
212,육회비빔밥,450,679.7,96.18,29.18,19.8,12.03,935.91,116,4.2,0,밥류,,img/noimg.jpg,,0
219,자장밥,500,741.66,120.06,15.23,22.27,5.37,1560.38,26,8.56,0,밥류,,img/noimg.jpg,,0
226,잡채밥,650,884.66,159.47,19.49,18.76,2.76,1908.24,22,9.67,0,밥류,,img/noimg.jpg,,0
233,잡탕밥,750,777.44,104.94,44.12,20.14,0.48,2109.52,330,4.07,0,밥류,,img/noimg.jpg,,0
240,장어덮밥,400,716.54,97.35,30.09,22.98,5.59,920.76,235,5.18,0,밥류,,img/덮밥.jpg,,0
247,장어초밥,250,486.26,80.68,16.52,10.83,13.68,1270.91,103,2.91,0,밥류,,img/초밥.jpg,,0
254,제육덮밥,500,782.38,115.49,30.08,22.24,7.28,1538.06,84,5.68,0,밥류,,img/덮밥.jpg,,0
261,짬뽕밥,900,661.76,110.85,29.05,11.35,2.47,2813.26,251,2.42,0,밥류,,img/noimg.jpg,,0
268,참치김밥,250,424.07,64.76,12.73,12.68,0.6,1108.41,98,3.91,0,밥류,,img/김밥.jpg,,0
275,참치덮밥,500,679.1,102.93,29.2,16.73,2.98,1618.74,116,3.4,0,밥류,,img/덮밥.jpg,,0
282,"참치마요네즈 삼각김밥",100,161.24,32.55,4,1.67,0.17,358.36,4,0.53,0,밥류,,img/김밥.jpg,,0
289,충무김밥,400,583.93,109.16,23.42,5.96,17.19,1294.27,157,1.1,0,밥류,,img/김밥.jpg,,0
296,치즈김밥,300,510,77.7,15.3,15.3,0.6,1330.08,117,4.8,0,밥류,,img/김밥.jpg,,0
303,카레라이스,500,672.01,126.01,13.49,12.66,4.97,1089.16,7,3.68,0,밥류,,img/noimg.jpg,,0
310,캘리포니아롤,300,487.64,89.23,12.33,9.05,8.9,1295.88,66,2.14,0,밥류,,img/noimg.jpg,,0
317,콩나물국밥(전주),900,429.65,71.08,18.5,7.93,1.71,2253.82,4,1.13,0,밥류,,img/noimg.jpg,,0
318,콩나물해장국,700,223.26,12.05,24,8.78,0.06,1950.91,125,1.48,0,밥류,,img/noimg.jpg,,0
325,한치초밥,250,374.18,77.92,13.71,0.85,13.13,1199.31,100,0.45,0,밥류,,img/초밥.jpg,,0
332,해물덮밥,700,771.93,100.45,42.03,22.44,1.2,1802.68,286,5.41,0,밥류,,img/덮밥.jpg,,0
339,해물볶음밥,400,705.22,90.46,25.1,27,1.22,1074.35,242,5.38,0,밥류,,img/볶음밥.jpg,,0
346,회덮밥,500,683.02,103.3,30.21,16.56,10.93,744.27,89,2.89,0,밥류,,img/덮밥.jpg,,0
353,"고등어 강정",65,154.59,10.1,7.66,9.16,0,206.38,0,0,0,"빵 및 과자류",,img/noimg.jpg,,0
354,곰보빵,70,277.34,42.16,6.31,9.27,11.73,202.25,24,4.63,0,"빵 및 과자류",,img/noimg.jpg,,0
361,과일파이,100,182.06,38.71,2.8,2.46,0,28.45,0,0,0,"빵 및 과자류",,img/noimg.jpg,,0
362,과자,30,46.5,5.7,0.6,2.4,2.25,18,0,1.17,0,"빵 및 과자류",,img/noimg.jpg,,0
363,꽃게강정,170,260.51,22.83,17.66,11.14,0,468.72,0,0,0,"빵 및 과자류",,img/noimg.jpg,,0
364,꽈배기,65,262.38,30.7,5.13,13.23,7.02,279.94,12,4.51,0,"빵 및 과자류",,img/noimg.jpg,,0
371,녹차스콘,60,184.59,31.24,4.39,4.79,0,131.3,0,0,0,"빵 및 과자류",,img/noimg.jpg,,0
372,녹차크레페,120,178.56,26.76,8,4.19,0,102.5,0,0,0,"빵 및 과자류",,img/noimg.jpg,,0
373,"누룽지 과자",122,344.45,47.96,8.34,14.99,0,62.32,0,0,0,"빵 및 과자류",,img/noimg.jpg,,0
374,다시마칩,40,61.13,10.22,1.61,2.43,0,139.27,0,0,0,"빵 및 과자류",,img/noimg.jpg,,0
375,"단호박 경단",69,162.87,30.57,3.59,3.33,0,86.97,0,0,0,"빵 및 과자류",,img/noimg.jpg,,0
376,두부샌드위치,195,190.4,22.25,8.31,9.67,0,7.51,0,0,0,"빵 및 과자류",,img/noimg.jpg,,0
377,"라이스페이퍼 새우 롤",105,141.26,22.91,7.15,2.47,0,86.16,0,0,0,"빵 및 과자류",,img/noimg.jpg,,0
378,"롤 피자",163,374.05,63.8,13.76,5.02,0,524.04,0,0,0,"빵 및 과자류",,img/noimg.jpg,,0
379,마늘빵,70,296.55,40.22,6.85,12.03,5.21,390.45,9,7.71,0,"빵 및 과자류",,img/noimg.jpg,,0
380,마늘빵,70,236.83,30.22,5.72,10.62,7.35,147,0,5.72,0,"빵 및 과자류",,img/noimg.jpg,,0
387,만주,70,222.49,46.8,5.13,1.64,22.45,118.19,16,0.91,0,"빵 및 과자류",,img/noimg.jpg,,0
394,머핀,130,560.71,69.29,7.37,28.23,39.5,407.17,71,5.24,0,"빵 및 과자류",,img/noimg.jpg,,0
401,멸치누룽지과자,100,191.35,29.45,11.55,3.96,0,177.2,0,0,0,"빵 및 과자류",,img/noimg.jpg,,0
402,모닝빵,70,231.86,36.44,6.9,6.5,5.46,276.07,24,3.16,0,"빵 및 과자류",,img/noimg.jpg,,0
403,모닝빵,70,202.39,29.83,5.33,6.39,13.48,213.04,5,2.13,0,"빵 및 과자류",,img/noimg.jpg,,0
410,"미니 버거",79,123.41,8.29,10.18,5.5,0,225.74,0,0,0,"빵 및 과자류",,img/noimg.jpg,,0
411,미니타르트,94,312.45,20.61,3.14,23.59,0,26.69,0,0,0,"빵 및 과자류",,img/noimg.jpg,,0
412,"바질 고구마 옥수수빵",75,160.75,23.32,7.85,4.52,0,229.4,0,0,0,"빵 및 과자류",,img/noimg.jpg,,0
413,버터크림빵,70,268.28,32.36,5.72,12.88,8.39,223.04,21,9.84,0,"빵 및 과자류",,img/noimg.jpg,,0
414,버터크림빵,70,205.8,23.52,3.92,10.78,4.41,68.6,7,0.25,0,"빵 및 과자류",,img/noimg.jpg,,0
421,베이글,120,335.48,68.66,12.52,1.2,8.43,556,2,0.79,0,"빵 및 과자류",,img/noimg.jpg,,0
428,"블루베리 치즈무스케익",126,420.61,40.09,5.53,26.96,0,154.64,0,0,0,"빵 및 과자류",,img/noimg.jpg,,0
429,"사과와 양파를 곁들인 돼지등심 요리",138,293.83,5.95,17.83,21.02,0,35.82,0,0,0,"빵 및 과자류",,img/noimg.jpg,,0
430,"사과와 크림치즈를 곁들인 토스트",95,188.25,31.99,4.77,4.87,0,215.14,0,0,0,"빵 및 과자류",,img/noimg.jpg,,0
431,생크림케이크,100,278.07,27.59,3.9,16.9,8.36,96.63,67,9.36,0,"빵 및 과자류",,img/noimg.jpg,,0
438,센베이,30,34.65,7.88,0.63,0,0.76,17.1,0,0,0,"빵 및 과자류",,img/noimg.jpg,,0
439,"수퍼 브리또",145,253.47,40.6,9.37,6.42,0,110.2,0,0,0,"빵 및 과자류",,img/noimg.jpg,,0
440,식빵,40,113.2,20.44,3.32,2.08,0,26.4,0,0,0,"빵 및 과자류",,img/noimg.jpg,,0
441,"아보카도 달걀 샌드위치",65,152.41,20.23,5.74,5.06,0,271.69,0,0,0,"빵 및 과자류",,img/noimg.jpg,,0
442,야채빵,70,135.49,23.64,4.18,2.25,0,131.79,0,0,0,"빵 및 과자류",,img/noimg.jpg,,0
443,야채빵,70,129.5,24.5,4.2,1.82,2.8,7,7,0.35,0,"빵 및 과자류",,img/noimg.jpg,,0
444,야채칩,100,72.2,17.76,1.82,0.12,0,17,0,0,0,"빵 및 과자류",,img/noimg.jpg,,0
445,"양송이버섯, 달걀크레페",215,349.1,48.2,16.77,9.57,0,91.81,0,0,0,"빵 및 과자류",,img/noimg.jpg,,0
446,잡곡강정,45,153.4,29.12,5.45,2.43,0,9.54,0,0,0,"빵 및 과자류",,img/noimg.jpg,,0
447,잣호두강정,19,93.71,7.94,2.02,6.8,0,0.81,0,0,0,"빵 및 과자류",,img/noimg.jpg,,0
448,찹쌀도우넛,70,207.05,39.95,3.53,3.68,12.13,242.99,1,1.95,0,"빵 및 과자류",,img/noimg.jpg,,0
455,"채소 커리를 곁들인 팬케익",313,253.81,31.64,15.02,7.26,0,261.7,0,0,0,"빵 및 과자류",,img/noimg.jpg,,0
456,"채소 팬케익",273,285.83,38.66,14.06,7.64,0,274.2,0,0,0,"빵 및 과자류",,img/noimg.jpg,,0
457,채소고로케,100,300.65,31.19,7.12,16.38,3.37,403.33,42,3.59,0,"빵 및 과자류",,img/noimg.jpg,,0
464,초콜릿케이크,100,420.24,43.6,5.32,24.95,23.13,170,51,14.4,0,"빵 및 과자류",,img/noimg.jpg,,0
471,치즈케이크,100,329.14,28.64,7.22,20.63,15.28,200.67,127,10.98,1,"빵 및 과자류",,img/noimg.jpg,,0
478,카스텔라,70,235.1,36.28,5.44,7.58,21.25,73.04,138,2.68,0,"빵 및 과자류",,img/noimg.jpg,,0
479,카스텔라,70,158.76,30.87,2.94,2.94,12.74,115.15,45,1.47,0,"빵 및 과자류",,img/noimg.jpg,,0
486,"커리향이 들어간 치킨 샐러드 샌드위치",72,193.62,23.32,8.7,7.34,0,77.03,0,0,0,"빵 및 과자류",,img/noimg.jpg,,0
487,"크로와상 샌드위치",75,137.62,13.5,5.11,7.08,0,199.77,0,0,0,"빵 및 과자류",,img/noimg.jpg,,0
488,"클럽 샌드위치",110,193.54,22.78,10.59,6.58,0,164.7,0,0,0,"빵 및 과자류",,img/noimg.jpg,,0
489,티라미수,56,188.52,10.47,1.78,15.48,0,39.37,0,0,0,"빵 및 과자류",,img/noimg.jpg,,0
490,페이스트리빵,70,319.59,32.52,5.99,18.4,5.75,295.79,17,12.07,1,"빵 및 과자류",,img/noimg.jpg,,0
497,"피스타치오 생크림과 산딸기 컵케이크",81,253.64,21.47,3.38,17.29,0,66.32,0,0,0,"빵 및 과자류",,img/noimg.jpg,,0
498,"한과, 매작과 ",30,123.9,19.83,2.25,3.96,4.92,29.83,10,0.69,0,"빵 및 과자류",,img/noimg.jpg,,0
499,"한과, 산자",30,109.8,24.66,0.69,0.93,9.39,6.86,0,0.03,0,"빵 및 과자류",,img/noimg.jpg,,0
500,"한과, 송화다식",30,110.7,22.2,2.49,1.35,8.01,4.04,0,0.27,0,"빵 및 과자류",,img/noimg.jpg,,0
501,"한과, 약과",30,119.7,25.47,1.26,1.44,5.07,17.19,0,0.36,0,"빵 및 과자류",,img/noimg.jpg,,0
502,"한과, 유과   ",30,127.2,22.26,0.84,3.84,7.23,6.84,0,0.42,0,"빵 및 과자류",,img/noimg.jpg,,0
503,"한국식 오코노미야끼",130,263.87,39.53,15.44,3.18,0,115.15,0,0,0,"빵 및 과자류",,img/noimg.jpg,,0
504,햄치즈샌드위치,200,436.52,49.65,14.83,19.84,6.13,901.08,53,6.79,0,"빵 및 과자류",,img/noimg.jpg,,0
511,현미크레이프,120,259.06,56.2,7.02,0.7,0,41.56,0,0,0,"빵 및 과자류",,img/noimg.jpg,,0
512,호두과자,30,30.34,4.57,0.63,1.06,2.1,10.9,0,0.16,0,"빵 및 과자류",,img/noimg.jpg,,0
513,간자장,650,824.54,134.23,22.33,22.03,12.16,2716.2,29,9.71,0,"면 및 만두류",,img/noimg.jpg,,0
520,고기만두,250,452.01,48.63,16.3,21.36,2.91,849.33,16,6.08,0,"면 및 만두류",,img/noimg.jpg,,0
527,"고기완자를 곁들인 스웨덴식 국수",120,148.24,13.82,9.07,5.88,0,69.53,0,0,0,"면 및 만두류",,img/noimg.jpg,,0
528,"구슬 파스타",120,299.86,48.91,10.61,5.77,0,120.14,0,0,0,"면 및 만두류",,img/noimg.jpg,,0
529,군만두,250,685.24,88.06,17.53,29.21,4.18,952.22,17,12.4,0,"면 및 만두류",,img/noimg.jpg,,0
536,굴짬뽕,900,680.67,115.69,32.87,9.6,1.7,2662.34,163,1.41,0,"면 및 만두류",,img/noimg.jpg,,0
543,기스면,1000,606.93,89.79,37.82,10.72,0.5,2764.59,417,2.12,0,"면 및 만두류",,img/noimg.jpg,,0
550,김치라면,650,552.32,86.22,13.77,16.93,1.22,2531.6,46,6.79,0,"면 및 만두류",,img/noimg.jpg,,0
551,김치만두,250,420.53,57.57,15.58,14.22,3.02,941.25,13,4.84,0,"면 및 만두류",,img/noimg.jpg,,0
558,김치우동,800,500.18,99.14,15.55,4.6,2.13,2874.6,14,0.83,0,"면 및 만두류",,img/noimg.jpg,,0
565,낙지볶음면,223,154.36,27.56,9.63,1.03,0,270.05,0,0,0,"면 및 만두류",,img/noimg.jpg,,0
566,"냉 쌀국수",250,246.45,36.42,16.45,3.75,0,304.9,0,0,0,"면 및 만두류",,img/noimg.jpg,,0
567,냉김치말이국수,600,302.53,52.03,12.92,4.75,8.27,2121.62,89,1.06,0,"면 및 만두류",,img/noimg.jpg,,0
568,니고랭,135,228.89,35.91,11.35,3.81,0,309.97,0,0,0,"면 및 만두류",,img/noimg.jpg,,0
569,"닭고기가 들어간 땅콩소스 스파게티",90,207.69,34.11,10.63,2.82,0,132.47,0,0,0,"면 및 만두류",,img/noimg.jpg,,0
570,들깨칼국수,600,457.88,59.8,17.59,16.48,1.43,1192.57,3,1.46,0,"면 및 만두류",,img/noimg.jpg,,0
571,떡국,800,711.3,147.18,20.63,4.46,0.48,1928.42,136,2.18,0,"면 및 만두류",,img/noimg.jpg,,0
578,떡라면,700,743.16,118.57,19.3,21.3,0.26,2313.44,160,9.39,0,"면 및 만두류",,img/noimg.jpg,,0
579,떡만둣국,700,624.92,110.71,20.06,11.32,0.16,1980.19,122,3.44,0,"면 및 만두류",,img/noimg.jpg,,0
586,라면,100,95.67,14.11,2.55,3.23,0.11,341.64,21,1.3,0,"면 및 만두류",,img/noimg.jpg,,0
587,"라면, 짬뽕라면",100,91.93,12.26,2.83,3.51,0.21,332.51,14,1.14,0,"면 및 만두류",,img/noimg.jpg,,0
588,"라비올리 크림소스",356,768.64,101.99,39.37,19.47,0,273.09,0,0,0,"면 및 만두류",,img/noimg.jpg,,0
589,"라비올리 토마토소스",392,338.57,55.86,14.46,6.43,0,116.46,0,0,0,"면 및 만두류",,img/noimg.jpg,,0
590,막국수,550,599.91,114.86,20.99,6.28,23.35,1503.04,64,1.56,0,"면 및 만두류",,img/noimg.jpg,,0
597,막국수(평창),1000,571.59,109.77,19.99,5.84,9.43,3260.05,43,0.96,0,"면 및 만두류",,img/noimg.jpg,,0
598,만둣국,700,434.05,47.83,21.43,17.44,3.05,2368,95,4.24,0,"면 및 만두류",,img/noimg.jpg,,0
605,메밀국수,600,611.72,117.8,19.64,6.88,11.37,1753.84,3,0.54,0,"면 및 만두류",,img/noimg.jpg,,0
612,물냉면,800,551.62,112.9,15.82,4.08,23.18,2618.21,42,1.18,0,"면 및 만두류",,img/noimg.jpg,,0
619,물만두,120,156.67,18.69,6.76,6.1,0.66,287.02,11,3.99,0,"면 및 만두류",,img/noimg.jpg,,0
626,미니그라탕,185,236.02,44.49,6.23,5.62,0,58.35,0,0,0,"면 및 만두류",,img/noimg.jpg,,0
627,"바지락 볶음 면",225,234.49,36.34,12.56,3.98,0,447.41,0,0,0,"면 및 만두류",,img/noimg.jpg,,0
628,"버섯 리조또",999,619.28,87.11,14.19,23.08,0,150.95,0,0,0,"면 및 만두류",,img/noimg.jpg,,0
629,"버섯을 넣은 가지 라자냐",132,135.52,14.78,8.08,5.23,0,242.39,0,0,0,"면 및 만두류",,img/noimg.jpg,,0
630,비빔국수,550,617.94,109.85,18.75,11.5,23.61,1854.91,26,1.97,0,"면 및 만두류",,img/noimg.jpg,,0
637,비빔냉면,550,622.74,122.4,19.54,6.11,27.03,1663.87,75,1.9,0,"면 및 만두류",,img/noimg.jpg,,0
644,삼선우동,1000,691.66,105.9,47.94,8.48,0.8,2722.32,621,2.02,0,"면 및 만두류",,img/noimg.jpg,,0
651,삼선자장면,700,803.9,126.53,33.63,18.14,10.15,2628.24,167,4.06,0,"면 및 만두류",,img/noimg.jpg,,0
658,삼선짬뽕,900,662.36,101.74,39.63,10.77,1.09,2689.13,312,1.92,0,"면 및 만두류",,img/noimg.jpg,,0
665,"서리태 잣국수",430,477.95,60.89,18.1,18.27,0,82.99,0,0,0,"면 및 만두류",,img/noimg.jpg,,0
666,수제비,800,646.84,128.38,20.84,5.55,4.32,2030.3,83,1.43,0,"면 및 만두류",,img/noimg.jpg,,0
673,스파게티,100,354.62,77.06,11.2,0.18,2.96,0,0,0.03,0,"면 및 만두류",,img/noimg.jpg,,0
674,"시저 샐러드",149,213.07,24.63,14.33,6.54,0,219.77,0,0,0,"면 및 만두류",,img/noimg.jpg,,0
675,쌀국수,200,80.7,11.06,7.98,0.28,0,68.48,0,0,0,"면 및 만두류",,img/noimg.jpg,,0
676,쌀국수,600,320.32,55.07,15.6,4.18,4.27,1651.58,34,1.4,0,"면 및 만두류",,img/noimg.jpg,,0
677,"알록달록 시금치 당근 수제비",320,235.74,42.18,9.63,2.05,0,484,0,0,0,"면 및 만두류",,img/noimg.jpg,,0
678,열무냉면,800,525.49,97.52,20.84,5.78,27.14,3152.37,68,1.36,0,"면 및 만두류",,img/noimg.jpg,,0
685,오일소스스파게티,400,646.74,89.42,19.56,23.43,1.41,1124.33,32,3.89,0,"면 및 만두류",,img/noimg.jpg,,0
692,올챙이국수(정선),1500,565.79,111.61,11.23,8.27,18.6,3862.83,0,1.54,0,"면 및 만두류",,img/noimg.jpg,,0
693,우동(일식),700,421.51,74.2,13.39,7.9,2.48,2390.32,26,1.49,0,"면 및 만두류",,img/noimg.jpg,,0
700,우동(중식),1000,648.47,85.37,29.45,21.02,1.1,3395.86,208,3.35,0,"면 및 만두류",,img/noimg.jpg,,0
707,울면,1000,728.86,128.18,37.46,7.37,0.5,2799.92,446,1.85,0,"면 및 만두류",,img/noimg.jpg,,0
714,"인도식 만두구이(사모사)",80,155.96,20.03,7.83,4.96,0,212.46,0,0,0,"면 및 만두류",,img/noimg.jpg,,0
715,자장면,650,796.5,133.63,19.77,20.32,7.79,2391.58,11,8.51,0,"면 및 만두류",,img/noimg.jpg,,0
722,잔치국수,700,599.16,118.53,21.13,4.51,0.71,1683.17,60,1,0,"면 및 만두류",,img/noimg.jpg,,0
729,짬뽕,1000,687.62,100.59,28.17,19.18,3.38,4000.09,109,12.98,0,"면 및 만두류",,img/noimg.jpg,,0
736,쫄면,450,601.78,109.57,18.4,9.99,24.17,1346.42,55,1.9,0,"면 및 만두류",,img/noimg.jpg,,0
743,치즈라면,600,594.54,80,16.81,23.03,0.9,2113.4,104,9.39,0,"면 및 만두류",,img/noimg.jpg,,0
744,콩국수,800,666.82,112.02,31.03,10.51,4.69,944.59,31,4.3,0,"면 및 만두류",,img/noimg.jpg,,0
751,크림소스스파게티,400,837.57,73.76,21.79,50.59,9.17,1030.21,127,25.66,1,"면 및 만두류",,img/noimg.jpg,,0
758,토마토소스스파게티,500,642.59,93.21,24.35,19.15,15.6,1508.64,49,5.43,0,"면 및 만두류",,img/noimg.jpg,,0
765,해물칼국수,900,628.26,123.9,22.81,4.61,3.81,2355.07,27,1.3,0,"면 및 만두류",,img/noimg.jpg,,0
772,해물크림소스스파게티,500,917.57,86.97,30.4,49.79,8.35,1323.69,211,24.73,1,"면 및 만두류",,img/noimg.jpg,,0
779,해물토마토소스스파게티,500,584.44,87.25,27.98,13.73,13.48,1533.16,160,3.14,0,"면 및 만두류",,img/noimg.jpg,,0
786,"호박 프리타타",246,302.06,12.28,25.73,16.73,0,234.88,0,0,0,"면 및 만두류",,img/noimg.jpg,,0
787,호박만두,146,210.15,34.37,6.1,4.82,0,149.58,0,0,0,"면 및 만두류",,img/noimg.jpg,,0
788,회냉면,550,629.98,122.01,17.75,7.89,24.35,1517.81,79,1.95,0,"면 및 만두류",,img/noimg.jpg,,0
795,"감자를 곁들인 야채스튜",165,87.04,14.77,3.32,2.46,0,30.13,0,0,0,"죽 및 스프류",,img/noimg.jpg,,0
796,검보스프,199,102.45,4.74,7.1,6.23,0,160.06,0,0,0,"죽 및 스프류",,img/noimg.jpg,,0
797,"검은콩 스프",219,228.13,16.75,15.31,13.12,0,119.27,0,0,0,"죽 및 스프류",,img/noimg.jpg,,0
798,게살죽,800,564.83,107.34,17.9,7.1,0.17,1453.82,50,2.11,0,"죽 및 스프류",,img/noimg.jpg,,0
805,"고구마 타락죽",332,362.81,37.32,7.14,21.48,0,160.92,0,0,0,"죽 및 스프류",,img/noimg.jpg,,0
806,깨죽,800,515.34,79.3,13.66,15.94,3.59,1160.18,0,2.82,0,"죽 및 스프류",,img/noimg.jpg,,0
813,"단호박 두부 포타주",275,92.46,11.94,6.52,3.82,0,378.59,0,0,0,"죽 및 스프류",,img/noimg.jpg,,0
814,"단호박 스프",200,102.08,15.98,3.08,3.86,0,45.7,0,0,0,"죽 및 스프류",,img/noimg.jpg,,0
815,닭죽(닭도가니)(성남),1000,1128.22,98.9,88.05,42.27,5,794.48,344,11.83,0,"죽 및 스프류",,img/noimg.jpg,,0
816,"대구 크림 스튜",125,186.36,4.44,28.08,5.54,0,405.51,0,0,0,"죽 및 스프류",,img/noimg.jpg,,0
817,대추죽,110,132.25,29.3,2.95,0.86,0,1.55,0,0,0,"죽 및 스프류",,img/noimg.jpg,,0
818,백합죽(부안),700,455.28,84.75,16.46,5.61,0,996.79,32,1.33,0,"죽 및 스프류",,img/noimg.jpg,,0
819,"새우살을 채운 두부 스프(미네스트로네)",200,117.32,6.06,13.86,4.66,0,361.36,0,0,0,"죽 및 스프류",,img/noimg.jpg,,0
820,소고기버섯죽,800,578.28,109.02,18.74,7.46,0.26,1261.8,26,2.72,0,"죽 및 스프류",,img/noimg.jpg,,0
827,"송이 미역죽",150,135.75,25.6,4.24,2.44,0,309.17,0,0,0,"죽 및 스프류",,img/noimg.jpg,,0
828,"쇠고기 스튜",239,99.5,5.9,11.71,3.39,0,244.83,0,0,0,"죽 및 스프류",,img/noimg.jpg,,0
829,어죽(영동),800,552.06,100.82,20.38,7.48,9.78,2105.53,35,1.66,0,"죽 및 스프류",,img/noimg.jpg,,0
830,"완두콩 스프",230,168.71,20.82,12.42,4.81,0,116.75,0,0,0,"죽 및 스프류",,img/noimg.jpg,,0
831,잣죽,700,874.48,155.27,19.18,19.63,2.36,878.82,0,1.99,0,"죽 및 스프류",,img/noimg.jpg,,0
838,전복죽,800,590.82,114.31,12.58,9.26,0.22,1309.46,28,1.79,0,"죽 및 스프류",,img/noimg.jpg,,0
845,"차가운 당근스프",200,84.2,13.24,2.32,3.22,0,56.36,0,0,0,"죽 및 스프류",,img/noimg.jpg,,0
846,참치죽,800,659.6,104.57,24.19,16.06,1.36,1342.4,40,1.82,0,"죽 및 스프류",,img/noimg.jpg,,0
853,팥죽,600,498.06,97.81,18.43,3.68,1.69,1026.43,0,0.49,0,"죽 및 스프류",,img/noimg.jpg,,0
860,"해산물을 곁들인 매콤한 토마토 스튜",197,122.16,6.76,16.29,3.49,0,337.99,0,0,0,"죽 및 스프류",,img/noimg.jpg,,0
861,호박죽,600,442.75,89.39,7.09,6.32,16.7,929.2,2,1.06,0,"죽 및 스프류",,img/noimg.jpg,,0
868,"흑임자 두부 죽",160,164.14,23.55,7.04,4.77,0,2.14,0,0,0,"죽 및 스프류",,img/noimg.jpg,,0
869,갈낙탕(영암),400,261.77,0.84,35.79,12.8,1.28,847.98,209,5.8,0,"국 및 탕류",,img/noimg.jpg,,0
870,갈비탕,600,236.75,7.61,27.38,10.76,0,1717.54,112,2.86,0,"국 및 탕류",,img/noimg.jpg,,0
877,게국지(태안),1100,415.25,31.7,44.91,12.09,10.77,4047.26,388,1.97,0,"국 및 탕류",,img/noimg.jpg,,0
878,고등어찌개,600,601.62,25.61,48.9,33.73,7.35,2584.06,156,7.06,0,"국 및 탕류",,img/noimg.jpg,,0
879,곰치국(삼척),1000,419.29,23.9,54.31,11.83,2.77,3802.06,476,1.36,0,"국 및 탕류",,img/noimg.jpg,,0
880,곰탕,700,579.61,7.35,70.13,29.97,0,822.77,198,7.97,1,"국 및 탕류",,img/noimg.jpg,,0
884,곰탕(나주),300,183.25,18.12,19.42,3.67,0.46,716.35,50,1.54,0,"국 및 탕류",,img/noimg.jpg,,0
888,"굴 두부 국",151,49.51,3.43,4.82,2.85,0,256.68,0,0,0,"국 및 탕류",,img/noimg.jpg,,0
889,김치국,100,19.84,2.33,1.21,0.63,0.65,364.91,0,0.07,0,"국 및 탕류",,img/noimg.jpg,,0
890,꼬리곰탕,700,765.79,4.63,102.31,37.56,0,765.74,252,9.81,1,"국 및 탕류",,img/noimg.jpg,,0
897,꽃게탕,600,238.39,18.09,28.39,5.83,1.32,2247.58,213,0.85,0,"국 및 탕류",,img/noimg.jpg,,0
898,낙지탕,600,187.8,10.38,29.36,3.2,1.94,1704.69,292,0.44,0,"국 및 탕류",,img/noimg.jpg,,0
899,"냉국, 미역오이냉국",100,17.64,3.25,0.51,0.29,2.15,320.79,0,0.02,0,"국 및 탕류",,img/noimg.jpg,,0
900,"냉국, 오이냉국",100,18.38,3.49,0.48,0.28,2.46,288.56,0,0.03,0,"국 및 탕류",,img/noimg.jpg,,0
901,달걀국,100,40.53,1.31,3.57,2.34,0.03,274.63,94,0.75,0,"국 및 탕류",,img/noimg.jpg,,0
902,닭곰탕(닭국),100,80.36,2.79,11.13,2.74,0.06,156.16,47,0.69,0,"국 및 탕류",,img/noimg.jpg,,0
903,대구지리탕,600,262.02,9.89,41.61,6.22,1.47,1476.25,283,1.1,0,"국 및 탕류",,img/noimg.jpg,,0
904,도가니탕,800,573.18,4.54,100.88,16.83,0,598.16,164,4.71,0,"국 및 탕류",,img/noimg.jpg,,0
911,"도토리묵 콩국",156,61.11,7.38,3.87,2.2,0,257.01,0,0,0,"국 및 탕류",,img/noimg.jpg,,0
912,도토리묵말이(대전),1300,462.38,89.69,6.85,8.48,6.34,3206.03,0,1.17,0,"국 및 탕류",,img/noimg.jpg,,0
913,된장국,166,49.38,3.52,8.3,0.32,0,44.92,0,0,0,"국 및 탕류",,img/noimg.jpg,,0
914,"된장국, 근대",100,22.77,2.18,1.87,0.73,0.42,328.84,0,0.08,0,"국 및 탕류",,img/noimg.jpg,,0
915,"된장국, 무",100,23.19,3.26,1.36,0.52,1.3,386.99,0,0.07,0,"국 및 탕류",,img/noimg.jpg,,0
916,"된장국, 시금치",100,30.66,2.68,2.51,1.1,0.23,344.2,0,0.1,0,"국 및 탕류",,img/noimg.jpg,,0
917,"된장국, 시래기",100,21.99,2.44,1.49,0.7,0.3,338.59,0,0.07,0,"국 및 탕류",,img/noimg.jpg,,0
918,"된장국, 쑥",100,27.57,2.69,1.91,1.02,0.29,341.13,0,0.1,0,"국 및 탕류",,img/noimg.jpg,,0
919,"된장국, 아욱",100,23.45,2.38,2.01,0.65,0.38,325.35,0,0.07,0,"국 및 탕류",,img/noimg.jpg,,0
920,"된장국, 왜된장국, 미소된장국",100,25.61,1.84,1.88,1.19,0.48,344.69,0,0.14,0,"국 및 탕류",,img/noimg.jpg,,0
921,매생이국(장흥),500,119.25,13.4,10.02,2.85,0.38,1420.3,7,0.57,0,"국 및 탕류",,img/noimg.jpg,,0
922,물회(포항),700,529.36,55.32,34.43,18.93,19.99,2095.91,120,2.81,0,"국 및 탕류",,img/noimg.jpg,,0
923,"미역 조랭이 떡국",455,368.64,65.97,9.28,11.01,0,774.18,0,0,0,"국 및 탕류",,img/noimg.jpg,,0
924,"미역국, 쇠고기",100,23.17,1.19,2.78,0.81,0,293.68,6,0.31,0,"국 및 탕류",,img/noimg.jpg,,0
925,"미역국, 홍합",100,25.75,1.79,3.03,0.72,0,314.41,9,0.13,0,"국 및 탕류",,img/noimg.jpg,,0
926,바지락조개국,550,156.65,10.11,22.04,3.11,1.31,1596.17,89,0.57,0,"국 및 탕류",,img/noimg.jpg,,0
927,"배추 맑은 국",150,43.1,3.21,4.98,1.77,0,200.25,0,0,0,"국 및 탕류",,img/noimg.jpg,,0
928,"버섯 들깨탕",150,123.74,17.3,3.83,5.41,0,31.6,0,0,0,"국 및 탕류",,img/noimg.jpg,,0
929,복지리탕,600,232.06,10.33,41.66,2.68,1.37,1349.98,210,0.41,0,"국 및 탕류",,img/noimg.jpg,,0
930,북어국,169,66.99,2.59,10.12,1.98,0,328.77,0,0,0,"국 및 탕류",,img/noimg.jpg,,0
931,삼계탕,1000,917.61,40.93,115.29,32.52,0,1310.98,472,10.76,0,"국 및 탕류",,img/noimg.jpg,,0
938,"새우 완자탕",150,86.81,9.35,10.01,1,0,204.29,0,0,0,"국 및 탕류",,img/noimg.jpg,,0
939,생선물회,800,577.97,82.49,34.3,12.31,52.04,2779.74,102,2.02,0,"국 및 탕류",,img/noimg.jpg,,0
940,선짓국,800,337.35,10.97,51.14,9.88,0.07,2518.98,294,2.01,0,"국 및 탕류",,img/noimg.jpg,,0
947,설렁탕,600,419.81,12.56,59.58,14.59,0.25,685.78,145,5.72,0,"국 및 탕류",,img/noimg.jpg,,0
954,소고기무국,400,122.94,7.76,14.21,3.96,3.48,1067.02,38,1.3,0,"국 및 탕류",,img/noimg.jpg,,0
955,소고기육개장,700,339.87,20.83,21.9,18.77,0.54,2853.09,143,7.27,1,"국 및 탕류",,img/noimg.jpg,,0
962,"소탕        ",150,87,1.95,7.65,5.4,0,353.6,0,0.6,0,"국 및 탕류",,img/noimg.jpg,,0
963,순대국,800,540.3,17.26,43.52,33.02,0,1504.04,246,10.98,0,"국 및 탕류",,img/noimg.jpg,,0
970,아구탕,600,246.07,12.76,37.78,4.88,1.84,1863.34,319,0.77,0,"국 및 탕류",,img/noimg.jpg,,0
971,어묵국,600,250.86,34.24,18.34,4.51,2.14,2064.71,25,1.56,0,"국 및 탕류",,img/noimg.jpg,,0
978,"어탕        ",150,85.5,1.8,12.75,3.15,0,485.09,53,0.45,0,"국 및 탕류",,img/noimg.jpg,,0
979,"연두부 무순 냉국",200,70.52,6.32,5.92,3.1,0,222.7,0,0,0,"국 및 탕류",,img/noimg.jpg,,0
980,연포탕,1000,541.64,20.19,94.9,9.03,0.23,2337.46,1057,1.75,0,"국 및 탕류",,img/noimg.jpg,,0
987,오리탕,600,482.33,20.98,42.01,25.6,4.6,1842.34,205,5.7,0,"국 및 탕류",,img/noimg.jpg,,0
988,오징어국,100,33.44,2.37,4.84,0.51,0.67,311.98,68,0.11,0,"국 및 탕류",,img/noimg.jpg,,0
989,오징어물회(동해),700,581.4,91.19,32.89,9.45,63.89,2715.91,305,0.99,0,"국 및 탕류",,img/noimg.jpg,,0
990,올갱이국(괴산),600,144.26,13.02,13.66,4.17,1.6,2017.16,85,0.8,0,"국 및 탕류",,img/noimg.jpg,,0
991,우거지국,100,20.24,2.31,1.48,0.57,0.55,357.15,0,0.07,0,"국 및 탕류",,img/noimg.jpg,,0
992,우거지해장국,600,154.38,13.46,11.92,5.87,2.53,2049.59,22,1.19,0,"국 및 탕류",,img/noimg.jpg,,0
993,우렁된장국,500,244.93,19.22,24.62,7.73,3.56,2134.21,105,1.11,0,"국 및 탕류",,img/noimg.jpg,,0
994,"육개장, 닭고기",100,43.79,2.72,4.96,1.45,0.13,270.25,22,0.34,0,"국 및 탕류",,img/noimg.jpg,,0
995,"육탕        ",150,87,0.3,12.6,3.9,0,356.94,44,1.65,0,"국 및 탕류",,img/noimg.jpg,,0
996,전복탕,600,196.85,15.78,26.78,2.95,1.31,1774.4,291,0.62,0,"국 및 탕류",,img/noimg.jpg,,0
997,조기매운탕,600,384.38,17.34,35.1,19.4,4.25,2272.92,274,4.78,0,"국 및 탕류",,img/noimg.jpg,,0
998,짱뚱어탕(순천),600,188.77,16.63,11.5,8.47,2.36,2050.9,22,0.9,0,"국 및 탕류",,img/noimg.jpg,,0
999,추어탕(남원),1000,316.72,26.83,22.74,13.16,0,2635.78,90,1.93,0,"국 및 탕류",,img/noimg.jpg,,0
1000,"탕국         ",250,92.5,0.25,13.25,4.25,0,656.75,30,1,0,"국 및 탕류",,img/noimg.jpg,,0
1001,토란국,250,462.5,92,8.5,6.75,0,702.5,20,0.75,0,"국 및 탕류",,img/noimg.jpg,,0
1002,해물탕,600,267.81,16.59,39.85,4.67,0.81,2046.25,469,0.83,0,"국 및 탕류",,img/noimg.jpg,,0
1003,황태해장국,600,181.7,5.68,24.5,6.77,1.48,1533.1,150,1.1,0,"국 및 탕류",,img/noimg.jpg,,0
1004,감자탕,900,959.54,26.88,95.93,52.03,0.76,2631.2,454,16.48,0,"찌개 및 전골류",,img/noimg.jpg,,0
1011,광어매운탕,600,419.8,9.13,58.42,16.62,1.42,1799.02,375,3.04,0,"찌개 및 전골류",,img/noimg.jpg,,0
1018,김치찌개,400,243.03,11.93,15.07,15,3.02,1962.14,25,2.76,0,"찌개 및 전골류",,img/noimg.jpg,,0
1025,내장탕,700,546.64,13.59,54.78,30.35,1.18,2336.88,461,8.39,0,"찌개 및 전골류",,img/noimg.jpg,,0
1032,닭볶음탕,300,367.92,22.63,37.98,13.94,5.75,1023.02,155,4.03,0,"찌개 및 전골류",,img/noimg.jpg,,0
1039,대구매운탕,600,361.75,16.84,57.36,7.21,1.09,1983.9,517,0.97,0,"찌개 및 전골류",,img/noimg.jpg,,0
1046,동태찌개,800,368.18,10.44,46.19,15.74,2.61,2575.62,315,2.34,0,"찌개 및 전골류",,img/noimg.jpg,,0
1053,된장찌개,400,144.88,13.46,11.5,5.01,1.8,2021.01,12,0.78,0,"찌개 및 전골류",,img/noimg.jpg,,0
1060,두부전골(찌개),500,315.16,17.09,25.58,16.05,3.45,1650.77,9,2.41,0,"찌개 및 전골류",,img/noimg.jpg,,0
1061,버섯찌개,400,167.56,15.43,14.7,5.23,4.45,1293.87,17,1.27,0,"찌개 및 전골류",,img/noimg.jpg,,0
1062,부대찌개,600,520.05,47.35,25.96,25.2,3.87,2664.21,83,6.79,0,"찌개 및 전골류",,img/noimg.jpg,,0
1067,부대찌개(의정부),600,399.5,39.65,18.4,18.59,6.23,2321.9,53,5.38,0,"찌개 및 전골류",,img/noimg.jpg,,0
1070,소고기샤브샤브,600,263.75,14.67,29.13,9.84,2.43,1122.4,76,3.71,0,"찌개 및 전골류",,img/noimg.jpg,,0
1071,순두부찌개,400,200.08,7.62,14.43,12.43,1.32,1350.98,81,1.79,0,"찌개 및 전골류",,img/noimg.jpg,,0
1078,알탕,700,425.56,11.46,66.68,12.56,0.03,2642.17,1010,2.21,0,"찌개 및 전골류",,img/noimg.jpg,,0
1085,우럭매운탕,600,406.82,11.24,52.15,17.03,1.08,1773.88,363,2.97,0,"찌개 및 전골류",,img/noimg.jpg,,0
1092,장어탕,250,152.01,7.37,10.69,8.86,0.56,648.3,89,1.68,0,"찌개 및 전골류",,img/noimg.jpg,,0
1093,장어탕,250,250,14.5,22.5,11.25,3.25,2275,50,0.75,0,"찌개 및 전골류",,img/noimg.jpg,,0
1100,"전골, 곱창전골",100,88.15,4.86,6.93,4.55,0.38,296.61,76,1.38,0,"찌개 및 전골류",,img/noimg.jpg,,0
1101,청국장찌개,400,271.57,10.41,22.4,15.59,1,1794.84,4,2.3,0,"찌개 및 전골류",,img/noimg.jpg,,0
1108,추어탕,700,341.13,20.29,24.59,17.96,0,2046.47,106,1.55,0,"찌개 및 전골류",,img/noimg.jpg,,0
1115,콩비지찌개,400,247.61,17.87,19.37,10.96,1.28,1287.09,24,1.96,0,"찌개 및 전골류",,img/noimg.jpg,,0
1122,"해산물 샤브샤브",110,124.44,5.83,12.15,6.26,0,143.29,0,0,0,"찌개 및 전골류",,img/noimg.jpg,,0
1123,금태찜,240,73.8,7.58,10.92,0.7,0,304.37,0,0,0,찜류,,img/noimg.jpg,,0
1124,"단호박 두부찜",57,37.98,5.29,2.09,1.64,0,220.04,0,0,0,찜류,,img/noimg.jpg,,0
1125,"단호박 새우 찜",215,202.4,38.57,11.07,3.57,0,395,0,0,0,찜류,,img/noimg.jpg,,0
1126,달걀찜,250,200.55,4.31,17.35,12.65,0.41,835.48,489,3.94,0,찜류,,img/noimg.jpg,,0
1127,닭갈비,400,595.61,44.9,45.92,25.81,21.19,1535.83,193,6,0,찜류,,img/noimg.jpg,,0
1128,"닭고기 편육",132,260.33,8.26,19.3,15.46,0,236.9,0,0,0,찜류,,img/noimg.jpg,,0
1129,대구찜,500,376.42,24.66,51.69,7.89,5.68,1898.68,263,1.13,0,찜류,,img/noimg.jpg,,0
1130,대하찜,125,109.3,2.39,20.41,1.83,0,177.2,0,0,0,찜류,,img/noimg.jpg,,0
1131,도미찜,100,126,0.5,23,3.5,0,839.96,99,0.9,0,찜류,,img/noimg.jpg,,0
1132,동태찜,500,394.33,25.77,50.94,9.73,5.72,1985.59,284,1.56,0,찜류,,img/noimg.jpg,,0
1133,"돼지고기 수육",300,1205.9,10.31,67.08,99.6,0.25,416.68,134,36.97,0,찜류,,img/noimg.jpg,,0
1140,등갈비찜(돼지),450,961.04,57.4,72.06,49.24,24.13,2395.17,200,16.1,0,찜류,,img/noimg.jpg,,0
1141,매운갈비찜(대구중구),300,517.44,23.72,61.31,19.7,10.73,1138.51,163,7.98,0,찜류,,img/noimg.jpg,,0
1142,"문어숙회     ",80,67.2,0.72,14.88,0.48,0,208.33,140,0.16,0,찜류,,img/noimg.jpg,,0
1143,"민어찜       ",100,137,0,21.5,5.9,0,1089.43,98,1.7,0,찜류,,img/noimg.jpg,,0
1144,"병어찜       ",100,180,0.2,18.9,11.5,0,650.98,72,3.6,0,찜류,,img/noimg.jpg,,0
1145,북어찜,100,156.8,11.99,18.7,3.78,4.25,600.66,102,0.6,0,찜류,,img/noimg.jpg,,0
1146,붕어찜(경기광주),1100,835.59,71.64,54.26,36.88,16.18,3952.02,186,5.8,0,찜류,,img/noimg.jpg,,0
1147,사태떡찜,162,201.74,26.89,13.66,4.63,0,263.69,0,0,0,찜류,,img/noimg.jpg,,0
1148,"생선살 완자 찹쌀 찜",175,212.47,29.89,20.11,0.7,0,262.69,0,0,0,찜류,,img/noimg.jpg,,0
1149,"생선찜 채소말이",160,162.54,18.78,15.57,3.95,0,345.79,0,0,0,찜류,,img/noimg.jpg,,0
1150,"서양식 달걀찜(시금치 퀴시)",140,305.61,49.97,12.33,4.69,0,142.02,0,0,0,찜류,,img/noimg.jpg,,0
1151,소갈비찜,250,494.6,13.14,49.86,26.96,4.32,753.64,141,10.34,1,찜류,,img/noimg.jpg,,0
1158,"쇠고기 감자찜",191,183.57,16.37,12.87,7.32,0,200.19,0,0,0,찜류,,img/noimg.jpg,,0
1159,"순대 ",300,547.59,94.88,7.96,9.93,0.91,1315.19,49,3.76,0,찜류,,img/noimg.jpg,,0
1166,아구찜,400,310.87,17.47,48.3,5.31,0.69,1406.2,389,0.86,0,찜류,,img/noimg.jpg,,0
1173,아귀찜(마산),750,492.32,43.09,65.39,6.49,8.2,3425.72,420,1.12,0,찜류,,img/noimg.jpg,,0
1174,안동찜닭(안동),1500,1364.2,139.51,114.24,38.8,66.81,5462.33,450,10.26,0,찜류,,img/noimg.jpg,,0
1175,"영양 달걀 찜",100,76.01,7.11,5.66,3,0,86.92,0,0,0,찜류,,img/noimg.jpg,,0
1176,"오징어보쌈과 저나트륨 된장소스",85,45.89,1.82,8.05,0.71,0,190.87,0,0,0,찜류,,img/noimg.jpg,,0
1177,오징어순대(속초),350,466.86,58.34,45.72,5.62,0.43,1258.72,517,1.35,0,찜류,,img/noimg.jpg,,0
1178,전어찜,100,278,0.6,17.3,23,0,447.4,98,6.8,0,찜류,,img/noimg.jpg,,0
1179,조기찜,100,182,1.6,20.1,10.6,0,602.03,138,2.8,0,찜류,,img/noimg.jpg,,0
1180,족발,150,393.77,5.51,39.04,23.95,0.32,542.57,75,6.97,0,찜류,,img/noimg.jpg,,0
1187,"참꼬막       ",80,90.4,4.56,12.48,2.48,0,234.16,65,0.4,0,찜류,,img/noimg.jpg,,0
1188,한방오리백숙,300,469.53,3.36,68.79,20.1,0.35,276.43,372,6.39,0,찜류,,img/noimg.jpg,,0
1195,해물찜,500,400.08,35.35,42.62,9.8,5.52,2137.21,419,1.53,0,찜류,,img/noimg.jpg,,0
1196,홍어찜,250,202.67,1.22,47.12,1.03,1.22,644.96,235,0.34,0,찜류,,img/noimg.jpg,,0
1203,가자미구이,100,157.17,1.76,21.6,7.08,0.21,665.59,113,1.16,0,구이류,,img/noimg.jpg,,0
1204,갈치구이,250,481.32,0.35,61.99,25.77,0.35,1022.03,199,7.35,0,구이류,,img/noimg.jpg,,0
1211,고등어구이,250,667.87,1.86,59.24,47.18,0.35,1227.73,136,12.13,1,구이류,,img/noimg.jpg,,0
1218,굴비구이,100,192.65,1.02,23,10.99,0.04,740.11,126,2.91,0,구이류,,img/noimg.jpg,,0
1219,"꽁치 양념구이",189,234.27,29.22,12.64,7.37,0,169.19,0,0,0,구이류,,img/noimg.jpg,,0
1220,꿩불고기(충주),500,368.8,39.66,33.51,8.45,16.94,1264.31,106,1.88,0,구이류,,img/noimg.jpg,,0
1221,"닭고기 바비큐",194,183.74,14.38,13.29,8.81,0,75.33,0,0,0,구이류,,img/noimg.jpg,,0
1222,닭꼬치,70,176.72,13.35,11.56,8.57,3.15,286.91,31,2.32,0,구이류,,img/noimg.jpg,,0
1229,도미구이,100,158.96,0.83,24.45,6.62,0,632.87,85,1.52,0,구이류,,img/noimg.jpg,,0
1230,돼지갈비구이,350,941.38,29.07,72.69,59.37,11.37,1341.59,189,21.84,0,구이류,,img/noimg.jpg,,0
1237,돼지주물럭(돼지갈비)(서울마포),100,240.32,8.12,19.53,14.41,4.52,404.66,49,4.74,0,구이류,,img/noimg.jpg,,0
1238,"등심 배구이",70,96.35,3.8,7.91,5.18,0,239,0,0,0,구이류,,img/noimg.jpg,,0
1239,로스트비프,148,219.77,5.68,14.52,14.16,0,271.85,0,0,0,구이류,,img/noimg.jpg,,0
1240,"미니 떡갈비",155,144.93,13.38,14.77,4.03,0,307.64,0,0,0,구이류,,img/noimg.jpg,,0
1241,"밀라노 스타일 포크 커틀렛",89,227.69,7.47,13.72,15.11,0,97.71,0,0,0,구이류,,img/noimg.jpg,,0
1242,"버섯소스를 곁들인 돼지 등심 스테이크",284,387.49,7.92,20.39,26.27,0,79.63,0,0,0,구이류,,img/noimg.jpg,,0
1243,병어구이,100,195.24,0.07,21.85,12.3,0,627.17,79,3.55,0,구이류,,img/noimg.jpg,,0
1244,불고기(광양),150,395.29,7.81,34.38,25.17,7.93,560.71,69,6.56,0,구이류,,img/noimg.jpg,,0
1245,"불고기, 오리",100,225.98,9.57,12.32,15.38,3,342.18,59,3.97,0,구이류,,img/noimg.jpg,,0
1246,붕장어구이(소금)(고흥),100,296.54,11.61,26,16.23,0.35,124.75,167,3.63,0,구이류,,img/noimg.jpg,,0
1247,"비프 스트로가노프",145,246.51,26.58,15.09,7.82,0,268.95,0,0,0,구이류,,img/noimg.jpg,,0
1248,"살사를 곁들인 참치 오븐구이",54,96.5,3.02,10.99,4.25,0,23.87,0,0,0,구이류,,img/noimg.jpg,,0
1249,소곱창구이,150,639.57,5.46,16.71,61.32,0.22,315.87,166,21.67,2,구이류,,img/noimg.jpg,,0
1250,소불고기,200,176.71,18.3,12.75,5.83,3.36,892.09,41,1.55,0,구이류,,img/noimg.jpg,,0
1257,소양념갈비구이,300,989.15,26.23,60.06,71.56,13.93,1378.45,187,27.18,3,구이류,,img/noimg.jpg,,0
1258,양념장어구이,150,433.35,8.8,30.77,30.56,4.18,704.64,215,7.1,0,구이류,,img/noimg.jpg,,0
1265,"양송이버섯과 포도주스를 가미한 등심구이",232,204.58,17.14,11.6,10.93,0,165.62,0,0,0,구이류,,img/noimg.jpg,,0
1266,왕갈비(양념)(수원),150,480.81,13.74,27.07,35.28,6.81,548.76,59,13.01,2,구이류,,img/noimg.jpg,,0
1267,"요거트 파슬리소스를 곁들인 닭고기구이",176,238.97,8.66,18.22,14.8,0,67.76,0,0,0,구이류,,img/noimg.jpg,,0
1268,임연수구이,100,197.55,1.41,21.51,11.77,0.01,627.59,85,2.43,1,구이류,,img/noimg.jpg,,0
1269,"조기구이, 양념, 조기조림",100,128.07,4.28,13.69,6.28,1.5,590.41,76,1.66,0,구이류,,img/noimg.jpg,,0
1270,"종이에 싸서 구운 도미(파필로테)",99,103.29,2.12,13.59,4.48,0,50.41,0,0,0,구이류,,img/noimg.jpg,,0
1271,"중국식 바비큐 폭 립",170,310.67,13.41,22.85,18,0,352.38,0,0,0,구이류,,img/noimg.jpg,,0
1272,"지중해소스를 곁들인 도미스테이크",275,289.68,7.37,23.02,14.99,0,257.21,0,0,0,구이류,,img/noimg.jpg,,0
1273,짚불구이곰장어(기장),200,326.21,2.31,42.73,16.23,1.16,826.79,342,2.84,0,구이류,,img/noimg.jpg,,0
1274,"참깨 오렌지 쇠고기",170,182.68,9.89,21.08,6.32,0,269.13,0,0,0,구이류,,img/noimg.jpg,,0
1275,"치킨 버거 스테이크",133,127.97,9.6,21.27,0.73,0,89.3,0,0,0,구이류,,img/noimg.jpg,,0
1276,"카레소스를 얹은 두부 스테이크",256,199.32,27.88,10.11,7.42,0,480.77,0,0,0,구이류,,img/noimg.jpg,,0
1277,"케이준 스타일 닭고기 요리",118,312.42,5.26,19.92,22.23,0,63.64,0,0,0,구이류,,img/noimg.jpg,,0
1278,"해산물 옥수수 오븐구이 프리타타",114,111.71,8.48,8.93,4.75,0,210.63,0,0,0,구이류,,img/noimg.jpg,,0
1279,햄버그스테이크,200,457.7,20.76,26.96,29.65,5.33,950.22,70,9.41,0,구이류,,img/noimg.jpg,,0
1286,황태구이,200,437.57,26.93,47.83,15.39,14.15,1135.33,212,2.4,0,구이류,,img/noimg.jpg,,0
1287,훈제오리,250,797.14,12.08,43.06,64.07,0.27,1220.37,171,15.98,0,구이류,,img/noimg.jpg,,0
1294,"가자미전     ",150,231,6.9,25.8,11.1,0.3,819.36,176,2.25,0,"전/ 적 및 부침류",,img/noimg.jpg,,0
1295,감자전,100,187.67,27.62,2.9,7.29,0.35,268.85,2,1.09,0,"전/ 적 및 부침류",,img/noimg.jpg,,0
1296,"계적        ",250,487.5,0,57.75,30.5,0,210.1,169,8,0,"전/ 적 및 부침류",,img/noimg.jpg,,0
1297,고추전,150,274.69,17.01,12.91,17.22,2.17,362.2,79,3.52,0,"전/ 적 및 부침류",,img/noimg.jpg,,0
1304,곶감샐러드,150,223.18,49.29,2.91,4.35,0,10.22,0,0,0,"전/ 적 및 부침류",,img/noimg.jpg,,0
1305,김치전,150,282.27,34.49,7.1,12.88,1.55,686.94,29,2.23,0,"전/ 적 및 부침류",,img/noimg.jpg,,0
1312,깻잎전,150,361.1,14.54,17.74,25.78,1.06,480.15,132,5.43,0,"전/ 적 및 부침류",,img/noimg.jpg,,0
1319,"낙지꼬지     ",80,75.2,2.8,13.12,1.28,0,207.06,134,0.16,0,"전/ 적 및 부침류",,img/noimg.jpg,,0
1320,녹두빈대떡,100,207.94,20.93,7.95,10.27,0.1,232.05,12,2.26,0,"전/ 적 및 부침류",,img/noimg.jpg,,0
1327,다시마전,80,79.18,13.16,4.37,1.58,0,310.34,0,0,0,"전/ 적 및 부침류",,img/noimg.jpg,,0
1328,단호박전,120,309.89,45.97,6.59,10.63,0,77.06,0,0,0,"전/ 적 및 부침류",,img/noimg.jpg,,0
1329,달걀말이,100,175.57,2.61,11.98,13.02,0.05,327.21,292,3.11,0,"전/ 적 및 부침류",,img/noimg.jpg,,0
1330,"돔베기적     ",100,159,0,30.1,7.4,0,451.25,64,0.6,0,"전/ 적 및 부침류",,img/noimg.jpg,,0
1331,동그랑땡,150,309.2,12.68,19.62,20,0.98,553.09,103,4.66,0,"전/ 적 및 부침류",,img/noimg.jpg,,0
1338,동태전,150,268.05,10.54,22.64,15.04,0.22,702.16,179,3.16,0,"전/ 적 및 부침류",,img/noimg.jpg,,0
1345,"돼지고기 찹쌀부침",158,342.42,47.92,13.32,10.02,0,119.76,0,0,0,"전/ 적 및 부침류",,img/noimg.jpg,,0
1346,"두부 달걀전",130,179.66,4.51,13.01,12.43,0,164.53,0,0,0,"전/ 적 및 부침류",,img/noimg.jpg,,0
1347,"두부 해산물 꼬치구이",148,182.16,2.58,15.6,12.89,0,146.15,0,0,0,"전/ 적 및 부침류",,img/noimg.jpg,,0
1348,두부전,150,255,7.5,20.4,15.9,0,317.16,3,1.95,0,"전/ 적 및 부침류",,img/noimg.jpg,,0
1349,떡갈비,250,677.36,29.09,43.94,42.8,8.91,1102.78,108,15.25,1,"전/ 적 및 부침류",,img/noimg.jpg,,0
1356,"마 두부 오징어전",139,172.1,16.65,10.52,8.74,0,158.07,0,0,0,"전/ 적 및 부침류",,img/noimg.jpg,,0
1357,"미나리전     ",150,226.5,34.2,5.25,7.65,1.8,248.7,12,1.2,0,"전/ 적 및 부침류",,img/noimg.jpg,,0
1358,배추전,150,240,35.55,5.1,8.7,4.95,326.82,7,1.35,0,"전/ 적 및 부침류",,img/noimg.jpg,,0
1359,버섯전,150,240,16.2,10.5,14.85,2.7,313.76,100,2.25,0,"전/ 적 및 부침류",,img/noimg.jpg,,0
1360,부추전,150,253.5,37.35,5.7,9,1.35,249.43,9,1.35,0,"전/ 적 및 부침류",,img/noimg.jpg,,0
1361,"소라산적     ",80,120,6.48,17.92,2.48,0.88,396.67,100,0.4,0,"전/ 적 및 부침류",,img/noimg.jpg,,0
1362,쇠고기산적,200,454,7.4,48.4,25.6,0,1392.84,135,7,1,"전/ 적 및 부침류",,img/noimg.jpg,,0
1363,"오징어산적   ",80,101.6,3.6,17.36,2,0.88,477.1,234,0.24,0,"전/ 적 및 부침류",,img/noimg.jpg,,0
1364,"치킨 쇠고기 땅콩소스 꼬치",85,148.44,8.28,14.32,6.33,0,536.21,0,0,0,"전/ 적 및 부침류",,img/noimg.jpg,,0
1365,케첩완자,100,141.85,13.7,10.7,4.86,0,155.5,0,0,0,"전/ 적 및 부침류",,img/noimg.jpg,,0
1366,파전,150,292.8,34.81,6.83,14.03,0.79,345.96,46,2.26,0,"전/ 적 및 부침류",,img/noimg.jpg,,0
1373,해물파전,150,276.18,30.07,11.04,12.42,0.42,366.82,106,2.13,0,"전/ 적 및 부침류",,img/noimg.jpg,,0
1380,햄부침,100,244.44,11.26,11.33,17.12,1.03,715.66,72,4.38,0,"전/ 적 및 부침류",,img/noimg.jpg,,0
1381,호박전,150,208.5,16.05,6.45,13.05,2.85,276.96,93,2.4,0,"전/ 적 및 부침류",,img/noimg.jpg,,0
1382,"홍어적       ",100,89,0,23.6,0.7,0.3,323.53,97,0.1,0,"전/ 적 및 부침류",,img/noimg.jpg,,0
1383,"홍합산적     ",80,156.8,10.56,17.76,4.8,3.36,719.72,61,0.8,0,"전/ 적 및 부침류",,img/noimg.jpg,,0
1384,화양적,150,272.65,21.35,13.58,14.77,1.21,797.03,123,3.83,0,"전/ 적 및 부침류",,img/noimg.jpg,,0
1391,가지볶음,131,110.79,19.99,1.7,3.64,0,218.35,0,0,0,볶음류,,img/noimg.jpg,,0
1392,감자볶음,100,116.25,16.73,2.11,4.55,1.02,423.18,0,0.6,0,볶음류,,img/noimg.jpg,,0
1393,건새우볶음,20,65.73,5.71,4.67,2.69,2.6,196.24,33,0.4,0,볶음류,,img/noimg.jpg,,0
1400,고추잡채,200,256.77,26.17,10.99,12.01,2.09,828.55,39,2.11,0,볶음류,,img/noimg.jpg,,0
1407,"궁중 떡볶음",150,202.82,38.44,6.22,3.36,0,232.37,0,0,0,볶음류,,img/noimg.jpg,,0
1408,김자반,61,45,10.37,4.77,0.9,0,231.03,0,0,0,볶음류,,img/noimg.jpg,,0
1409,김치볶음,100,97.04,8.99,3.11,5.41,3.39,849.94,6,0.75,0,볶음류,,img/noimg.jpg,,0
1410,깻잎볶음,100,103.07,5.76,3.76,7.22,0.29,521.34,0,0.83,0,볶음류,,img/noimg.jpg,,0
1411,꽃게볶음,100,108.73,10.03,10.36,2.91,0,317.08,0,0,0,볶음류,,img/noimg.jpg,,0
1412,낙지볶음,200,186.83,21.67,14.89,4.51,7.56,895.12,118,0.89,0,볶음류,,img/noimg.jpg,,0
1419,닭갈비(춘천),300,558.47,23.06,45.51,31.58,8.51,1016.94,218,11.26,0,볶음류,,img/noimg.jpg,,0
1420,"돼지갈비 볶음",120,151.15,6.55,12.04,8.42,0,293.29,0,0,0,볶음류,,img/noimg.jpg,,0
1421,돼지고기볶음,200,350.67,18.21,22.96,20.67,8.2,1051.76,58,5.12,0,볶음류,,img/noimg.jpg,,0
1428,"돼지고기볶음, 오징어",100,181.7,10.24,12.81,9.94,3.82,442.55,92,2.62,0,볶음류,,img/noimg.jpg,,0
1429,돼지고기토마토두부볶음,150,157.15,7.93,9.96,9.7,0,293.3,0,0,0,볶음류,,img/noimg.jpg,,0
1430,돼지껍데기볶음,100,234.47,16.34,17.19,11.15,3.68,519.87,32,3.28,0,볶음류,,img/noimg.jpg,,0
1431,두부김치,250,288.21,14.08,19.47,17.11,1.49,989.69,14,3.17,0,볶음류,,img/noimg.jpg,,0
1438,떡볶이,200,303.53,60.48,7.61,3.46,6.83,853.08,7,0.75,0,볶음류,,img/noimg.jpg,,0
1445,라볶이,30,40.32,7.41,1.04,0.72,1.04,130.72,4,0.3,0,볶음류,,img/noimg.jpg,,0
1446,라볶이,30,37.8,7.02,0.9,0.72,0.81,46.8,0,0.09,0,볶음류,,img/noimg.jpg,,0
1453,마파두부,200,227.93,10.73,15.26,13.77,0.29,691.4,25,2.77,0,볶음류,,img/noimg.jpg,,0
1460,멸치풋고추볶음,20,52.38,3.41,4.65,2.24,1.43,275.54,37,0.39,0,볶음류,,img/noimg.jpg,,0
1467,미역줄기볶음,100,66.49,4.97,1.07,4.7,0.21,1023.06,0,0.64,0,볶음류,,img/noimg.jpg,,0
1468,"버섯볶음, 느타리",100,90.69,7.8,3.4,5.1,1.42,434.25,0,0.62,0,볶음류,,img/noimg.jpg,,0
1469,"버섯볶음, 양송이",100,90.98,7.31,3.02,5.52,0.82,343.45,0,0.95,0,볶음류,,img/noimg.jpg,,0
1470,브로콜리쇠고기볶음,130,123.9,13.87,10.28,4.13,0,299.53,0,0,0,볶음류,,img/noimg.jpg,,0
1471,섭산삼,86,233.03,36.96,4.68,8.24,0,3.83,0,0,0,볶음류,,img/noimg.jpg,,0
1472,"소고기 채소볶음",117,189.93,4.81,9.56,14.8,0,217.8,0,0,0,볶음류,,img/noimg.jpg,,0
1473,소세지볶음,100,235.69,15.89,9.38,14.96,4.47,718.03,30,4.41,0,볶음류,,img/noimg.jpg,,0
1474,순대볶음,100,145.38,19.18,5.18,5.32,1.35,375.09,35,1.27,0,볶음류,,img/noimg.jpg,,0
1475,시금치돼지고기볶음,100,104.77,7.37,9.12,4.55,0,283.9,0,0,0,볶음류,,img/noimg.jpg,,0
1476,"쌀국수 볶음면",264,211.89,7.76,2.61,20.35,0,87.49,0,0,0,볶음류,,img/noimg.jpg,,0
1477,"아시아식 채소 두부 볶음",203,275,20.32,13.5,17.62,0,177.89,0,0,0,볶음류,,img/noimg.jpg,,0
1478,야채볶음,80,90.81,15.38,2.34,3.16,0,9.93,0,0,0,볶음류,,img/noimg.jpg,,0
1479,야채오믈렛,155,158.15,26.75,6.76,2.87,0,250.56,0,0,0,볶음류,,img/noimg.jpg,,0
1480,어묵볶음,100,189.07,28.3,7.53,5.09,6.61,847.36,14,0.96,0,볶음류,,img/noimg.jpg,,0
1481,오징어볶음,100,120.51,12.56,10.47,3.15,4.69,480.52,132,0.55,0,볶음류,,img/noimg.jpg,,0
1482,오징어채볶음,20,55.49,8.28,3.72,0.83,2.33,232.26,33,0.16,0,볶음류,,img/noimg.jpg,,0
1489,잔멸치볶음,20,68.41,5.25,6.2,2.51,2.56,379.29,49,0.47,0,볶음류,,img/noimg.jpg,,0
1496,잡채,150,204.32,38.84,2.05,4.53,2.72,658.95,0,0.75,0,볶음류,,img/noimg.jpg,,0
1503,"조랭이 떡 궁중 떡볶이",185,217.45,43.31,5.68,2.57,0,343.45,0,0,0,볶음류,,img/noimg.jpg,,0
1504,주꾸미볶음,200,211.41,22.82,18.33,5.2,5.06,918.86,201,0.61,0,볶음류,,img/noimg.jpg,,0
1511,칠리새우,93,174.67,17.18,10.7,6.85,0,158.17,0,0,0,볶음류,,img/noimg.jpg,,0
1512,토마토소스달걀볶음,60,111.22,10.08,4.39,5.9,0,107.4,0,0,0,볶음류,,img/noimg.jpg,,0
1513,팔보채,300,240.74,11.28,25.42,10.44,0.09,1129.31,225,1.69,0,볶음류,,img/noimg.jpg,,0
1520,팽이버섯야채볶음,130,82.58,10.85,2.55,4.37,0,14.1,0,0,0,볶음류,,img/noimg.jpg,,0
1521,표고버섯볶음,150,141.92,15.84,4.53,6.72,2.64,574.8,0,0.83,0,볶음류,,img/noimg.jpg,,0
1522,해물볶음,400,419.06,32.24,38.19,15.26,7.42,1755.16,330,2.07,0,볶음류,,img/noimg.jpg,,0
1523,해산물볶음,117,119.07,6.31,10.3,6.13,0,292.49,0,0,0,볶음류,,img/noimg.jpg,,0
1524,"헝가리안 폭찹",175,294.86,4.22,18.58,20.93,0,110.51,0,0,0,볶음류,,img/noimg.jpg,,0
1525,화지타,132,196.55,26.08,8.62,6.48,0,508.99,0,0,0,볶음류,,img/noimg.jpg,,0
1526,가자미조림(간장+고춧가루+기타양념),300,297.98,21.47,37.08,7.09,10.54,1692.82,228,1.29,0,조림류,,img/noimg.jpg,,0
1527,갈치조림,100,97.04,5.3,11,3.54,1.92,486.39,44,1,0,조림류,,img/noimg.jpg,,0
1534,고기완두조림,100,183.01,18.9,11.37,6.97,0,45.19,0,0,0,조림류,,img/noimg.jpg,,0
1535,고등어조림,100,130.16,5.04,10.03,7.77,2.02,474.69,30,2.01,0,조림류,,img/noimg.jpg,,0
1542,"곤약 콩조림",69,96.03,10.65,7.43,3.68,0,209.01,0,0,0,조림류,,img/noimg.jpg,,0
1543,다시마돼지고기조림,70,115.71,4.98,8.55,6.86,0,279.57,0,0,0,조림류,,img/noimg.jpg,,0
1544,돼지고기메추리알장조림,50,63.49,3.37,8.34,1.85,1.27,582.99,48,0.44,0,조림류,,img/noimg.jpg,,0
1551,"두부 튀김 조림",115,220.56,14.34,6.96,16.2,0,139.21,0,0,0,조림류,,img/튀김.jpg,,0
1552,두부조림,50,69.25,2.86,6.15,3.69,0.25,250.01,0,0.63,0,조림류,,img/noimg.jpg,,0
1559,땅콩조림,20,81.34,7.72,3.22,4.17,2.85,150.8,0,0.77,0,조림류,,img/noimg.jpg,,0
1566,"부추조갯살 콩비지조림",55,35.67,5.24,3.29,0.5,0,61.83,0,0,0,조림류,,img/noimg.jpg,,0
1567,북어조림,100,181.86,17.14,20.83,3.33,8.2,765.95,100,0.67,0,조림류,,img/noimg.jpg,,0
1574,소고기메추리알장조림,50,60.65,2.88,8.14,1.84,0.71,602.12,42,0.45,0,조림류,,img/noimg.jpg,,0
1581,연근조림,30,78.24,18.06,0.63,0.38,7.08,200.37,0,0.07,0,조림류,,img/noimg.jpg,,0
1588,"오징어말이 케첩조림",206,152.09,9.25,19.98,4.33,0,189.68,0,0,0,조림류,,img/noimg.jpg,,0
1589,우엉조림,30,69.75,15.83,0.78,0.37,7.08,254.75,0,0.06,0,조림류,,img/noimg.jpg,,0
1596,콩조림,20,54.25,7.82,3.87,0.83,2.41,213.38,0,0.17,0,조림류,,img/noimg.jpg,,0
1603,감자튀김,100,306.84,37.59,3.69,15.74,0.29,246.46,0,3.06,0,튀김류,,img/튀김.jpg,,0
1604,"고구마 빠스",94,253.9,39.04,1.25,11.13,0,9.44,0,0,0,튀김류,,img/noimg.jpg,,0
1605,고구마맛탕,100,245.41,47.28,1.65,5.52,19.35,38.47,0,0.93,0,튀김류,,img/noimg.jpg,,0
1606,고구마튀김,100,253,33.8,2.7,11.9,7.7,148.41,21,1.7,0,튀김류,,img/튀김.jpg,,0
1607,김말이튀김,100,250.65,32.11,2.41,12.51,0.5,392.94,1,1.66,0,튀김류,,img/튀김.jpg,,0
1614,깐풍기,200,588.72,37.78,26.14,37,9.96,657.13,139,8.1,0,튀김류,,img/noimg.jpg,,0
1621,난자완스,200,346.25,19.15,21.63,20.35,0.49,703.23,77,4.59,0,튀김류,,img/noimg.jpg,,0
1628,닭강정,100,310.25,28.42,15.94,14.76,6.56,426.2,51,3.18,0,튀김류,,img/noimg.jpg,,0
1635,"닭튀김, 양념",100,276.03,21.13,17.75,13.39,6.24,402.74,69,2.69,0,튀김류,,img/튀김.jpg,,0
1636,"도라지 검은깨 튀김",56,133.46,23.64,2.38,3.89,0,161.62,0,0,0,튀김류,,img/튀김.jpg,,0
1637,등심돈가스,200,623.83,38.49,32.99,37.54,3.66,574.08,98,9.12,0,튀김류,,img/noimg.jpg,,0
1644,똥집튀김(대구동구),150,468.37,29.06,28.14,26.62,1.82,322.44,252,4.09,0,튀김류,,img/튀김.jpg,,0
1645,라조기,200,398.99,26.23,20.66,23.49,0.15,648.52,91,5.15,0,튀김류,,img/noimg.jpg,,0
1652,"레몬, 파슬리 빵가루를 입힌 도미",60,88.31,8.43,10.04,1.73,0,61.65,0,0,0,튀김류,,img/noimg.jpg,,0
1653,"멸치찹쌀 양념튀김",64,194.1,17.51,8.81,11.1,0,180.44,0,0,0,튀김류,,img/튀김.jpg,,0
1654,모듬탕수,116,116.59,26.53,5.73,1,0,120.11,0,0,0,튀김류,,img/noimg.jpg,,0
1655,미꾸라지튀김,100,387.49,28.85,10.89,25.39,0.3,324.47,50,3.89,0,튀김류,,img/튀김.jpg,,0
1662,"삼색 콩튀김",88,251.33,36.58,5.39,10.48,0,34.76,0,0,0,튀김류,,img/튀김.jpg,,0
1663,새우튀김,100,301.23,26.3,9.05,17.76,0.09,555.81,60,3.04,0,튀김류,,img/튀김.jpg,,0
1670,"생강향의 고구마 크로켓",88,204.53,25.25,2.31,10.96,0,49.25,0,0,0,튀김류,,img/noimg.jpg,,0
1671,생선까스,200,653.44,46.56,24.33,41.1,1.96,788.62,73,7.96,0,튀김류,,img/noimg.jpg,,0
1678,수삼당근정과,112,110.12,28.35,2.04,0.18,0,22.64,0,0,0,튀김류,,img/noimg.jpg,,0
1679,안심돈가스,200,651.75,34.25,33.28,42.4,2.77,551.55,105,8.55,0,튀김류,,img/noimg.jpg,,0
1686,오징어튀김,100,308.2,24.29,11.93,18.14,0,359.99,102,2.9,0,튀김류,,img/튀김.jpg,,0
1693,쥐포튀김,100,357,42.5,9.6,16.5,8,717.02,29,2.3,0,튀김류,,img/튀김.jpg,,0
1694,채소튀김,100,320.66,37.63,3.61,17.3,2.87,278.99,2,3.2,0,튀김류,,img/튀김.jpg,,0
1701,치즈돈가스,250,755.37,41.76,42.02,46.69,3.57,870.77,99,13.59,0,튀김류,,img/noimg.jpg,,0
1708,치즈스틱,30,38.86,6.46,0.94,1.02,0.39,24.14,1,0.53,0,튀김류,,img/noimg.jpg,,0
1709,치킨까스,200,593,44.02,27.91,33.92,4.15,779.27,73,8.42,0,튀김류,,img/noimg.jpg,,0
1716,탕수육,200,456.72,51.83,17.48,19.94,17.08,442.98,44,4.9,0,튀김류,,img/noimg.jpg,,0
1723,"파마산치즈를 가미한 커틀렛",116,417.86,29.13,17.02,26.38,0,234.02,0,0,0,튀김류,,img/noimg.jpg,,0
1724,"호두 치킨",125,116.88,5.93,12.07,5.24,0,30.77,0,0,0,튀김류,,img/noimg.jpg,,0
1725,황태강정,68,229.28,22.47,18.67,6.46,0,159.7,0,0,0,튀김류,,img/noimg.jpg,,0
1726,가지나물,50,23,2.65,0.6,1.1,0.55,152.2,0,0.15,0,나물/숙채류,,img/noimg.jpg,,0
1727,고구마줄기나물,100,61.92,5.13,1.68,3.85,0.54,529.24,0,0.47,0,나물/숙채류,,img/noimg.jpg,,0
1728,고사리나물,50,45.5,3.25,2,2.75,0,257.38,0,0.35,0,나물/숙채류,,img/noimg.jpg,,0
1729,도라지나물,50,56,4.9,0.8,3.65,0,253.13,0,0.45,0,나물/숙채류,,img/noimg.jpg,,0
1730,머위나물,100,71.69,5.07,2.32,4.68,1.23,479.09,0,0.52,0,나물/숙채류,,img/noimg.jpg,,0
1731,무나물,50,33,2.65,0.45,2.25,1.2,280.46,0,0.3,0,나물/숙채류,,img/noimg.jpg,,0
1732,미나리나물,50,29.5,2.25,1,1.85,0,150.33,0,0.25,0,나물/숙채류,,img/noimg.jpg,,0
1733,숙주나물,50,20,1.35,1.1,1.15,0,188.35,0,0.1,0,나물/숙채류,,img/noimg.jpg,,0
1734,시래기나물,50,47.5,2.55,1.5,3.5,0.05,216.81,0,0.4,0,나물/숙채류,,img/noimg.jpg,,0
1735,취나물,50,74,3.3,1.35,6.15,0,281.86,0,0.85,0,나물/숙채류,,img/noimg.jpg,,0
1736,콩나물,50,25.5,0.95,1.7,1.65,0,213.95,0,0.2,0,나물/숙채류,,img/noimg.jpg,,0
1737,감자냉채,123,44.12,9.03,1.73,0.37,0,102.93,0,0,0,생채/무침류,,img/noimg.jpg,,0
1738,"겉절이, 배추",100,44.3,6.88,2.28,0.85,2.53,651.32,0,0.1,0,생채/무침류,,img/noimg.jpg,,0
1739,"겉절이, 상추",100,68.07,8.02,2.51,2.88,3.23,499.98,0,0.31,0,생채/무침류,,img/noimg.jpg,,0
1740,골뱅이무침,100,108.79,15.69,7.08,1.97,10.47,525.52,38,0.26,0,생채/무침류,,img/noimg.jpg,,0
1747,"과일 요구르트 샐러드",150,77.29,18.12,2.64,0.39,0,19.75,0,0,0,생채/무침류,,img/noimg.jpg,,0
1748,"구운 닭고기 샐러드와 저나트륨 과일드레싱",202,245.43,17.15,12.97,14.4,0,174.39,0,0,0,생채/무침류,,img/noimg.jpg,,0
1749,"구운 닭고기를 곁들인 두부 샐러드",140,122.74,3.74,14.5,6.31,0,265.93,0,0,0,생채/무침류,,img/noimg.jpg,,0
1750,김무침,30,85.62,10.56,2.72,3.61,3.84,491.99,0,0.63,0,생채/무침류,,img/noimg.jpg,,0
1757,"낙지 잣소스 냉채",204,225.66,18.34,9.96,14.32,0,231.95,0,0,0,생채/무침류,,img/noimg.jpg,,0
1758,노각무침,100,56.02,9.55,1.71,1.22,4.71,544.91,0,0.15,0,생채/무침류,,img/noimg.jpg,,0
1759,"니스와 샐러드",105,91.99,5.12,7.97,4.36,0,78.76,0,0,0,생채/무침류,,img/noimg.jpg,,0
1760,단무지무침,100,40.88,5.55,0.91,1.67,1.43,857.84,0,0.19,0,생채/무침류,,img/noimg.jpg,,0
1761,달래무침,100,90.84,15.88,2.68,1.84,7.45,578.03,0,0.22,0,생채/무침류,,img/noimg.jpg,,0
1762,"닭고기 샐러드",172,258.58,8.51,16.51,17.34,0,270.49,0,0,0,생채/무침류,,img/noimg.jpg,,0
1763,도라지생채,100,115.43,23.56,2.29,1.34,9.82,527.16,0,0.15,0,생채/무침류,,img/noimg.jpg,,0
1764,도토리묵,100,45.6,10.38,0.29,0.32,0.43,124.15,0,0.03,0,생채/무침류,,img/noimg.jpg,,0
1771,"돼지고기 수육 부추무침",119,199.72,11.28,9.56,13.16,0,258.15,0,0,0,생채/무침류,,img/noimg.jpg,,0
1772,"두부 다시마말이",149,80.65,6.85,5.86,4.6,0,246.91,0,0,0,생채/무침류,,img/noimg.jpg,,0
1773,"두부선과 저나트륨 겨자 간장소스",138,120.82,5.19,12.35,6.51,0,209.82,0,0,0,생채/무침류,,img/noimg.jpg,,0
1774,마늘쫑무침,30,39.56,8.52,0.82,0.25,4.56,415.03,0,0.05,0,생채/무침류,,img/noimg.jpg,,0
1781,무말랭이무침,30,40.79,8.55,0.98,0.3,3.75,384.61,0,0.04,0,생채/무침류,,img/noimg.jpg,,0
1788,무생채,100,52.4,9.26,1.69,0.96,5.57,582.55,2,0.11,0,생채/무침류,,img/noimg.jpg,,0
1789,"묵무침, 청포묵",100,59.42,9.07,1.14,2.06,0.7,289.61,0,0.32,0,생채/무침류,,img/noimg.jpg,,0
1790,미역초무침,100,51.32,9.05,1.93,0.82,4.27,596.25,0,0.1,0,생채/무침류,,img/noimg.jpg,,0
1791,벤댕이무침(인천),400,600.01,46.01,29.84,32.96,27.03,1027.22,102,4.61,0,생채/무침류,,img/noimg.jpg,,0
1792,부추무침,100,71.55,9.42,2.86,2.49,4.3,677.43,0,0.26,0,생채/무침류,,img/noimg.jpg,,0
1793,북어채무침,100,226.05,26.43,19.83,4.56,14.42,740.9,79,0.81,0,생채/무침류,,img/noimg.jpg,,0
1794,"산마드레싱 실곤약 샐러드",120,96.56,7.09,7.09,4.98,0,35.41,0,0,0,생채/무침류,,img/noimg.jpg,,0
1795,"상추 겉절이",43,18.91,3.83,1.12,0.46,0,106.28,0,0,0,생채/무침류,,img/noimg.jpg,,0
1796,서대회무침(여수),300,315.21,45.87,22.6,4.59,22.35,1198.9,68,0.55,0,생채/무침류,,img/noimg.jpg,,0
1797,"수삼 냉채",85,38.15,9.44,1.22,0.25,0,200.97,0,0,0,생채/무침류,,img/noimg.jpg,,0
1798,"스테이크 샐러드",140,176.86,3.49,16.93,10.12,0,404.08,0,0,0,생채/무침류,,img/noimg.jpg,,0
1799,쑥갓무침,100,63.71,4.38,3.02,3.79,0.21,473.33,0,0.45,0,생채/무침류,,img/noimg.jpg,,0
1800,"아보카도 두부 샐러드",207,425.3,8.32,11.53,38.77,0,361.05,0,0,0,생채/무침류,,img/noimg.jpg,,0
1801,"아시아식 국수 샐러드",117,276.16,47.37,13.41,2.47,0,262.63,0,0,0,생채/무침류,,img/noimg.jpg,,0
1802,"양상추와 닭고기 요리",171,78.44,6.43,4.45,4.48,0,67.31,0,0,0,생채/무침류,,img/noimg.jpg,,0
1803,양장피,250,229.75,19.44,16.41,9.6,1.66,853.36,146,1.94,0,생채/무침류,,img/noimg.jpg,,0
1810,"얼갈이 무침",138,71.47,6.68,4.68,4.06,0,181.11,0,0,0,생채/무침류,,img/noimg.jpg,,0
1811,연어냉채,95,128.91,7.41,9.57,6.74,0,398.28,0,0,0,생채/무침류,,img/noimg.jpg,,0
1812,"오이 초절임",83,194,19.27,0.85,13.6,0,372.92,0,0,0,생채/무침류,,img/noimg.jpg,,0
1813,오이생채,100,47.35,8.26,1.64,0.86,4.17,502.36,0,0.11,0,생채/무침류,,img/noimg.jpg,,0
1814,오이선,89,67.43,7.08,5.38,2.54,0,224.15,0,0,0,생채/무침류,,img/noimg.jpg,,0
1815,오이지무침,100,72.03,10.15,1.5,2.83,3.97,1129.78,0,0.29,0,생채/무침류,,img/noimg.jpg,,0
1816,"이태리식 해산물 샐러드",147,127.57,3.48,17.68,4.59,0,225.67,0,0,0,생채/무침류,,img/noimg.jpg,,0
1817,쥐치채,20,55.92,10.89,2.75,0.15,4.55,296.34,9,0.19,0,생채/무침류,,img/noimg.jpg,,0
1824,"참기름 드레싱의 즉석 샐러드",72,75.86,5.96,1.35,5.48,0,109.15,0,0,0,생채/무침류,,img/noimg.jpg,,0
1825,카프라제,89,158.21,3.81,6.98,13.35,0,7.61,0,0,0,생채/무침류,,img/noimg.jpg,,0
1826,탕평채,100,97,12.3,3.6,3.8,0.4,260.4,47,0.7,0,생채/무침류,,img/noimg.jpg,,0
1827,"태국식 불고기 샐러드",130,88.69,8.71,8.26,3.12,0,241.79,0,0,0,생채/무침류,,img/noimg.jpg,,0
1828,파래무침,30,34.51,5.95,1.14,0.68,2.6,244.01,0,0.14,0,생채/무침류,,img/noimg.jpg,,0
1835,파무침,100,87.19,11.86,2.13,3.47,7.07,452.71,0,0.4,0,생채/무침류,,img/noimg.jpg,,0
1836,"펜네 파스타 샐러드",102,212.82,34.18,7.39,4.84,0,71.98,0,0,0,생채/무침류,,img/noimg.jpg,,0
1837,"허브 마리네이드 참치 샐러드",182,235.69,13.9,26.61,7.77,0,61.24,0,0,0,생채/무침류,,img/noimg.jpg,,0
1838,"호두 사과 샐러드",80,109.55,13.7,1.23,6.48,0,30.65,0,0,0,생채/무침류,,img/noimg.jpg,,0
1839,홍어회무침,200,198.94,25.95,17.85,2.63,14.46,802.04,57,0.36,0,생채/무침류,,img/noimg.jpg,,0
1846,갓김치,50,29.18,4.12,1.78,0.62,0.99,448.99,1,0.06,0,김치류,,img/noimg.jpg,,0
1853,고들빼기,50,55.53,10.93,1.58,0.61,2.84,742.43,3,0.07,0,김치류,,img/noimg.jpg,,0
1860,깍두기,50,18.33,3.34,0.83,0.18,1.39,323.47,1,0.02,0,김치류,,img/noimg.jpg,,0
1867,깻잎김치,100,87.42,14.08,3.47,1.91,5.41,1174.52,0,0.2,0,김치류,,img/noimg.jpg,,0
1868,나박김치,100,13.72,1.64,0.61,0.52,0.1,498.44,0,0.02,0,김치류,,img/noimg.jpg,,0
1875,동치미,100,15.21,2.78,0.49,0.24,0.6,555.93,0,0.01,0,김치류,,img/noimg.jpg,,0
1876,배추김치,50,19.13,2.9,1.23,0.29,0.79,312.08,1,0.06,0,김치류,,img/noimg.jpg,,0
1883,백김치,50,9.35,1.23,0.53,0.26,0.12,249.07,0,0.01,0,김치류,,img/noimg.jpg,,0
1890,부추김치,100,68.55,10.83,3.22,1.37,4.16,767.4,0,0.18,0,김치류,,img/noimg.jpg,,0
1891,열무김치,50,16.77,2.43,1.12,0.28,0.58,310.35,2,0.05,0,김치류,,img/noimg.jpg,,0
1898,열무얼갈이김치,50,17.68,2.61,1.07,0.33,0.46,339.9,1,0.04,0,김치류,,img/noimg.jpg,,0
1905,오이소박이,50,17.38,2.45,0.85,0.47,0.14,266,1,0.04,0,김치류,,img/noimg.jpg,,0
1912,총각김치,50,18.63,2.82,1.16,0.3,0.79,337.76,1,0.06,0,김치류,,img/noimg.jpg,,0
1919,파김치,50,29.54,4.54,1.49,0.6,1.13,408.05,2,0.07,0,김치류,,img/noimg.jpg,,0
1926,간장게장,250,302.16,12.84,37.69,11.12,5.9,3220.82,379,2.63,0,젓갈류,,img/noimg.jpg,,0
1933,양념게장,200,279.63,42.05,23.92,1.75,17.04,1775.08,135,0.61,0,젓갈류,,img/noimg.jpg,,0
1940,고추장아찌,30,21.63,3.95,0.77,0.31,2.42,773.52,0,0.03,0,장아찌/절임류,,img/noimg.jpg,,0
1947,깻잎장아찌,30,35.32,6.88,1.03,0.41,2.88,546.72,0,0.04,0,장아찌/절임류,,img/noimg.jpg,,0
1954,마늘장아찌,30,16.84,2.96,0.9,0.15,1.28,487.97,0,0.01,0,장아찌/절임류,,img/noimg.jpg,,0
1961,매실장아찌,30,72.88,17.43,0.5,0.13,11.45,337.86,0,0.02,0,장아찌/절임류,,img/noimg.jpg,,0
1968,무장아찌,30,23.92,5.03,0.44,0.23,2.88,879.81,0,0.01,0,장아찌/절임류,,img/noimg.jpg,,0
1975,"양배추 깻잎 피클",64,15.26,3.83,0.43,0.08,0,334.73,0,0,0,장아찌/절임류,,img/noimg.jpg,,0
1976,양파장아찌,100,39.4,7.63,1.11,0.49,5.55,703,0,0.01,0,장아찌/절임류,,img/noimg.jpg,,0
1977,오이피클,20,18.4,5.06,0.12,0.06,0,133.4,0,0,0,장아찌/절임류,,img/noimg.jpg,,0
1978,복숭아샤벳,270,146.21,39.18,1.57,0.3,0,8.61,0,0,0,"유제품류 및 빙과류",,img/noimg.jpg,,0
1979,"서양식 씨리얼(뮤즐리)",105,158.6,25.76,5.25,4.76,0,27.14,0,0,0,"유제품류 및 빙과류",,img/noimg.jpg,,0
1980,"식혜 팥빙수",150,135.85,33.08,3.66,0.01,0,5.36,0,0,0,"유제품류 및 빙과류",,img/noimg.jpg,,0
1981,홍시쉐이크,120,69.72,18.29,1.15,0.56,0,4.76,0,0,0,"유제품류 및 빙과류",,img/noimg.jpg,,0
1982,수정과,150,133.5,20.4,0.6,5.4,20.7,9.72,0,0,0,"음료 및 차류",,img/noimg.jpg,,0
1983,식혜,150,130.5,24.3,2.25,2.7,17.1,3.38,0,0,0,"음료 및 차류",,img/noimg.jpg,,0
1984,우유생강차,200,108,15.66,5.98,2.82,0,184.94,0,0,0,"음료 및 차류",,img/noimg.jpg,,0
1985,복숭아화채,101,72.8,16.7,1.35,1.1,0,1.69,0,0,0,과일류,,img/noimg.jpg,,0
1986,수박화채,210,125.83,28.37,3.4,0.74,0,2.18,0,0,0,과일류,,img/noimg.jpg,,0
1987,오렌지,200,44.44,11.11,0,0,11.12,22.22,0,0,0,과일류,,img/noimg.jpg,,0
1988,"과일 젤리",160,140.45,34.99,1.31,0.18,0,25.3,0,0,0,당류,,img/noimg.jpg,,0
1989,두부양갱,82,66.62,11.9,2.84,1.68,0,2.54,0,0,0,당류,,img/noimg.jpg,,0
1990,딸기잼,20,48.6,12.58,0.08,0.02,0,0.6,0,0,0,당류,,img/noimg.jpg,,0
1991,가래떡,100,208.2,47.49,3.81,0.33,0,256.96,0,0.17,0,"곡류, 서류 제품",,img/noimg.jpg,,0
1998,고구마경단,100,208.96,44.01,2.8,3.56,0,50.51,0,0,0,"곡류, 서류 제품",,img/noimg.jpg,,0
1999,고구마란,92,165.97,35.59,2.82,2.76,0,12.69,0,0,0,"곡류, 서류 제품",,img/noimg.jpg,,0
2000,고구마쑥단자,80,149.93,32.7,3.93,1.14,0,7.71,0,0,0,"곡류, 서류 제품",,img/noimg.jpg,,0
2001,"고추 장떡",103,250.36,41.24,6.86,5.8,0,110.68,0,0,0,"곡류, 서류 제품",,img/noimg.jpg,,0
2002,김치떡,145,301.77,53.3,13.47,3.42,0,293.33,0,0,0,"곡류, 서류 제품",,img/noimg.jpg,,0
2003,꿀떡,100,217.8,48.86,3.82,0.79,2.6,250.9,0,0.24,0,"곡류, 서류 제품",,img/noimg.jpg,,0
2010,녹두시루떡,100,246,48.1,7.7,2.5,4,263.66,0,0.5,0,"곡류, 서류 제품",,img/noimg.jpg,,0
2011,"떡, 메밀전병 ",100,168,21.6,6.2,6.3,0.6,345.8,8,1.2,0,"곡류, 서류 제품",,img/noimg.jpg,,0
2012,"떡, 송편(깨) ",100,224,45,4.9,2.7,1.1,231.82,0,0.5,0,"곡류, 서류 제품",,img/noimg.jpg,,0
2013,"떡, 송편(콩) ",100,194,41.7,5.2,0.7,1.3,233.5,0,0.2,0,"곡류, 서류 제품",,img/noimg.jpg,,0
2014,"떡, 수수부꾸미",100,248,42.1,5.7,6.3,0.2,261,0,1,0,"곡류, 서류 제품",,img/noimg.jpg,,0
2015,"떡, 수수팥떡 ",100,204,43,6.7,0.6,2.8,241.93,0,0.2,0,"곡류, 서류 제품",,img/noimg.jpg,,0
2016,"떡, 쑥떡     ",100,249,57.9,3.4,0.4,10.7,254.32,0,0.2,0,"곡류, 서류 제품",,img/noimg.jpg,,0
2017,"떡,경단(깨)  ",100,319,74.2,4.4,0.5,26.6,180,0,0.5,0,"곡류, 서류 제품",,img/noimg.jpg,,0
2018,"떡,경단(콩)  ",100,314,74,3.5,0.5,20.6,225.83,0,0.2,0,"곡류, 서류 제품",,img/noimg.jpg,,0
2019,"떡,기피편    ",100,220,49,5.4,0.2,2.1,281.06,0,0.1,0,"곡류, 서류 제품",,img/noimg.jpg,,0
2020,모듬옥수수,130,127.26,15,9.85,3.61,0,108.42,0,0,0,"곡류, 서류 제품",,img/noimg.jpg,,0
2021,모듬찰떡,100,222.91,47.38,5.71,1.17,4.61,237.09,0,0.27,0,"곡류, 서류 제품",,img/noimg.jpg,,0
2028,무지개떡,100,228.97,53.01,3.53,0.31,8.98,276.82,0,0.16,0,"곡류, 서류 제품",,img/noimg.jpg,,0
2035,백설기,70,159.79,36.75,2.55,0.29,5.04,202.02,0,0.1,0,"곡류, 서류 제품",,img/noimg.jpg,,0
2036,백설기,70,139.65,31.85,2.45,0,14.7,117.6,0,0,0,"곡류, 서류 제품",,img/noimg.jpg,,0
2043,시루떡,100,217.48,47.54,5.47,0.61,3.22,277.91,0,0.24,0,"곡류, 서류 제품",,img/noimg.jpg,,0
2050,약식,100,244.38,52.33,3.71,2.24,9.67,289.33,0,0.55,0,"곡류, 서류 제품",,img/noimg.jpg,,0
2057,인절미,100,220.95,45.39,5.65,1.86,1.93,341.37,0,0.56,0,"곡류, 서류 제품",,img/noimg.jpg,,0
2064,절편,100,192.89,43.94,3.64,0.28,0.07,265.87,0,0.19,0,"곡류, 서류 제품",,img/noimg.jpg,,0
2071,증편,100,192.73,44.83,2.66,0.3,6.6,264.17,0,0.16,0,"곡류, 서류 제품",,img/noimg.jpg,,0
2078,찹쌀떡,100,276.87,65.61,3.27,0.15,17.54,225.61,0,0.15,0,"곡류, 서류 제품",,img/noimg.jpg,,0
2085,초당순두부(강릉),900,522.69,15.76,49.12,29.24,0.86,1203.35,0,3.83,0,"두류, 견과 및 종실류",,img/noimg.jpg,,0
2086,"닭고기 양배추 쌈",184,193.7,8.92,14.7,11.33,0,68.96,0,0,0,"채소, 해조류",,img/noimg.jpg,,0
2087,"참치 소고기 양상추 쌈",120,180.72,24.79,9.31,5.26,0,312.47,0,0,0,"채소, 해조류",,img/noimg.jpg,,0
2088,낙지강회,104,51.65,6.93,6.68,0.46,0,152.59,0,0,0,수조어육류,,img/noimg.jpg,,0
2089,대구포,100,141,2.3,32,0.4,0,3875.95,107,0.2,0,수조어육류,,img/noimg.jpg,,0
2090,"돼지고기, 머리고기",100,324.88,1.74,21.22,26,0.03,166.82,86,7.6,0,수조어육류,,img/noimg.jpg,,0
2091,"북어포       ",20,66.4,0.32,15.42,0.38,0.22,128.99,85,0.14,0,수조어육류,,img/noimg.jpg,,0
2092,어묵,30,12.72,0.84,0.84,0.66,0.28,36.17,0,0.03,0,수조어육류,,img/noimg.jpg,,0
2093,육회,150,229.91,14.1,22.38,9.33,1.52,447.81,79,2.91,0,수조어육류,,img/noimg.jpg,,0
2100,"1955 버거",244,1246.84,0,65.88,0,26.84,2325.32,0,29.28,0,햄버거,,img/noimg.jpg,,0
2101,"2014 랏츠버거",220,1132.01,0,50.03,0,21.14,1741.16,0,29.23,0,햄버거,,img/noimg.jpg,,0
2102,辛리브샌드,188,903.06,0,38.82,0,18.94,1644.67,0,13.22,0,햄버거,,img/noimg.jpg,,0
2103,갈릭스테이크하우스버거,100,208.78,0,12.62,0,4.52,371.44,0,4.22,0,햄버거,,img/noimg.jpg,,0
2104,그릴디럭스버거,200,773.4,0,51.64,0,0.84,2148.8,0,9.28,0,햄버거,,img/noimg.jpg,,0
2105,그릴맥스버거,263,1298.93,0,62.36,0,11.67,2609.22,0,19.08,0,햄버거,,img/noimg.jpg,,0
2106,"닭고기,살코기, 치킨텐더즈(4pieces)(버거킹)",100,290,0,17.7,17.7,0,758,0,0,0,햄버거,,img/noimg.jpg,,0
2107,"닭고기,살코기, 치킨텐더즈(6pieces)(버거킹)",100,299,0,18.2,18.2,0,766,0,0,0,햄버거,,img/noimg.jpg,,0
2108,"닭고기,살코기, 치킨텐더즈(9pieces)(버거킹)",100,285,0,17.9,17.9,0,764,0,0,0,햄버거,,img/noimg.jpg,,0
2109,더불치즈버거,100,270.23,0,16.32,0,3.4,592.45,0,7.19,0,햄버거,,img/noimg.jpg,,0
2110,더불치즈와퍼,100,274.49,0,16.69,0,2.76,493.25,0,6.6,0,햄버거,,img/noimg.jpg,,0
2111,"더블 디럭스 슈프림버거",272,1398.08,0,57.12,0,27.2,3043.68,0,13.6,0,햄버거,,img/noimg.jpg,,0
2112,"더블 쿼터파운더치즈",100,262.04,0,18.57,0,2.34,342.73,0,6.34,0,햄버거,,img/noimg.jpg,,0
2113,더블치즈버거,164,739.64,0,42.64,0,11.48,1823.68,0,21.32,0,햄버거,,img/noimg.jpg,,0
2114,데리버거,132,453.13,0,16.74,0,6.26,808.29,0,7.52,0,햄버거,,img/noimg.jpg,,0
2115,"디럭스 슈프림 버거",197,772.24,0,29.55,0,17.73,1737.54,0,9.85,0,햄버거,,img/noimg.jpg,,0
2116,"디럭스 치즈버거",171,603.63,0,29.07,0,10.26,1166.22,0,13.68,0,햄버거,,img/noimg.jpg,,0
2117,라이스버거(불고기),225,1124.84,0,43.38,0,11.74,1796.24,0,19.64,0,햄버거,,img/noimg.jpg,,0
2118,랏츠버거,100,295.24,0,13.88,0,1.09,333.8,0,7.45,0,햄버거,,img/noimg.jpg,,0
2119,레이디샌드위치,215,971.8,105.35,47.94,39.34,15.05,1270.65,7,10.1,0,햄버거,,img/noimg.jpg,,0
2120,"로스트 갈릭버거",153,638.55,61.4,24.39,32.82,15.66,1342.04,46,10.91,0,햄버거,,img/noimg.jpg,,0
2121,"로얄그릴드 치킨버거",100,192.11,0,13.27,0,1.71,569.29,0,2.02,0,햄버거,,img/noimg.jpg,,0
2122,리치버거,173,800.99,0,32.87,0,8.65,1313.07,0,10.38,0,햄버거,,img/noimg.jpg,,0
2123,맥더블,150,603,0,34.5,0,9,1312.5,0,15,0,햄버거,,img/noimg.jpg,,0
2124,"맥스파이시 더블 케이준 버거",256,1374.72,0,64,0,20.48,2321.92,0,15.36,0,햄버거,,img/noimg.jpg,,0
2125,"맥스파이시 상하이 디럭스",240,1147.2,0,62.4,0,16.8,3252,0,14.4,0,햄버거,,img/noimg.jpg,,0
2126,"맥스파이시 상하이 버거",228,1014.6,0,52.44,0,13.68,2047.44,0,9.12,0,햄버거,,img/noimg.jpg,,0
2127,"맥스파이시 케이준 버거",200,796,0,32,0,16,1250,0,8,0,햄버거,,img/noimg.jpg,,0
2128,맥치킨,163,609.62,0,24.45,0,9.78,1171.97,0,8.15,0,햄버거,,img/noimg.jpg,,0
2129,맥치킨버거,163,612.88,0,26.08,0,8.15,1049.72,0,6.52,0,햄버거,,img/noimg.jpg,,0
2130,"미니언 슈비 버거",245,1104.95,0,49,0,19.6,2173.15,0,12.25,0,햄버거,,img/noimg.jpg,,0
2131,"바베큐 불고기 버거",164,677.32,0,26.24,0,26.24,1366.12,0,3.28,0,햄버거,,img/noimg.jpg,,0
2132,"베이컨 토마토 디럭스버거",242,1246.3,0,65.34,0,36.3,2717.66,0,29.04,0,햄버거,,img/noimg.jpg,,0
2133,베이컨갈릭징거버거,232,1036.13,0,54.18,0,13.45,2543.06,0,17.59,0,햄버거,,img/noimg.jpg,,0
2134,불갈비버거,162,645.84,64.95,27.95,30.47,22.12,1352.09,50,11.47,1,햄버거,,img/noimg.jpg,,0
2135,불고기버거,100,294.08,0,12.35,0,5.26,353.8,0,5.01,0,햄버거,,img/noimg.jpg,,0
2136,불고기버거,167,641.28,78.49,20.88,26.72,12.19,794.92,4,7.18,0,햄버거,,img/noimg.jpg,,0
2137,불고기버거,155,621.55,0,26.35,0,20.15,1063.3,0,3.1,0,햄버거,,img/noimg.jpg,,0
2138,불고기버거,154,601,0,26.52,0,12.61,1098.67,0,11.36,0,햄버거,,img/noimg.jpg,,0
2139,불고기와퍼쥬니어,158,601.13,56.42,28.71,28.96,5.72,827.06,38,11.96,0,햄버거,,img/noimg.jpg,,0
2140,"불고기치킨 크리스피 버거",100,302.49,0,10,0,3.47,588.79,0,3.97,0,햄버거,,img/noimg.jpg,,0
2141,불고기크리스피치킨버거,140,617.4,57.4,22.4,33.6,10.08,1132.6,42,7.84,0,햄버거,,img/noimg.jpg,,0
2142,불새버거,191,937.03,0,38.07,0,12.15,1725.16,0,12.14,0,햄버거,,img/noimg.jpg,,0
2143,빅맥,213,1086.3,0,55.38,0,14.91,2155.56,0,25.56,0,햄버거,,img/noimg.jpg,,0
2144,"빵,크로아쌍, 소시지크라상(버거킹)",100,349,2.6,11.8,27,0,737,0,0,0,햄버거,,img/noimg.jpg,,0
2145,"사이다,사이다, 사이다(R)(버거킹)",100,165,17.6,0,0,0,0,0,0,0,햄버거,,img/noimg.jpg,,0
2146,"상하이 스파이스 치킨 버거",100,208.76,0,12.43,0,2.19,544.88,0,1.92,0,햄버거,,img/noimg.jpg,,0
2147,새우버거,162,484.84,0,14.92,0,7.48,943.18,0,5.69,0,햄버거,,img/noimg.jpg,,0
2148,새우버거,158,664.71,0,22.22,0,7.34,1082.62,0,6.31,0,햄버거,,img/noimg.jpg,,0
2149,"소스류,머스터드소스, HoneyMustard(버거킹)",100,321,0,0,21.4,0,536,0,0,0,햄버거,,img/noimg.jpg,,0
2150,쉬림프징거버거,154,687.29,78.5,17.55,33.68,9.01,1542.96,54,7.76,1,햄버거,,img/noimg.jpg,,0
2151,스위피버거,159,674.16,71.55,23.37,32.12,8.74,620.1,2,2.07,0,햄버거,,img/noimg.jpg,,0
2152,"스파이시 텐더크리스피 버거",100,275.85,0,9.96,0,1.68,577.87,0,4.63,0,햄버거,,img/noimg.jpg,,0
2153,"싱글즈불고기 버거",140,519.03,50.04,23.58,24.95,13.84,605.23,31,10.66,0,햄버거,,img/noimg.jpg,,0
2154,야채라이스불고기,100,222.94,0,7.58,0,0.61,256.89,0,3.02,0,햄버거,,img/noimg.jpg,,0
2155,"양파링튀긴것,양파링튀긴것, 어니언링(L)(버거킹)",100,397,4.6,5.3,19.9,0,583,0,0,0,햄버거,,img/noimg.jpg,,0
2156,"양파링튀긴것,양파링튀긴것, 어니언링(R)(버거킹)",100,404,4.3,5.3,20.2,0,585,0,0,0,햄버거,,img/noimg.jpg,,0
2157,어린이불고기버거,136,503.3,53.55,24.38,21.29,10.41,657.9,46,9.19,0,햄버거,,img/noimg.jpg,,0
2158,"오렌지쥬스,농축과즙, 오렌지주스(버거킹)",100,150,11,0.7,0,0,0,0,0,0,햄버거,,img/noimg.jpg,,0
2159,오징어버거,140,485.24,0,20.72,0,11.12,804.86,0,7.19,0,햄버거,,img/noimg.jpg,,0
2160,와일드쉬림프버거,203,1073.51,0,31.84,0,11.98,1801.38,0,9.48,0,햄버거,,img/noimg.jpg,,0
2161,와퍼주니어,158,630.42,52.14,26.86,34.76,7.27,900.6,57,12.17,0,햄버거,,img/noimg.jpg,,0
2162,우리한우버거,100,204.2,0,8.68,0,4.5,277.57,0,3.11,0,햄버거,,img/noimg.jpg,,0
2163,울트라치킨,206,951.72,0,28.84,0,14.21,1643.88,0,10.3,0,햄버거,,img/noimg.jpg,,0
2164,자이언트더블버거,198,973.68,0,45.42,0,15.15,1424.06,0,23.03,0,햄버거,,img/noimg.jpg,,0
2165,징거버거,203,766.67,0,41.89,0,3.92,1907.31,0,10.03,0,햄버거,,img/noimg.jpg,,0
2166,치즈버거,114,345.42,0,18.24,0,6.84,820.8,0,7.98,0,햄버거,,img/noimg.jpg,,0
2167,치즈버거,133,486.78,42.56,25.27,23.94,7.85,1000.16,61,11.44,0,햄버거,,img/noimg.jpg,,0
2168,치즈버거,143,507.08,0,21.86,0,9.87,948.01,0,11.06,0,햄버거,,img/noimg.jpg,,0
2169,치즈징거버거,216,847.64,0,48.98,0,10.05,2331.61,0,13.5,0,햄버거,,img/noimg.jpg,,0
2170,치킨버거,140,514.29,0,24.17,0,7.17,913.07,0,6.07,0,햄버거,,img/noimg.jpg,,0
2171,치킨불고기버거,160,499.63,0,22.12,0,3.92,957.31,0,6.48,0,햄버거,,img/noimg.jpg,,0
2172,치킨휠레샌드위치,100,193.16,0,13.57,0,2.61,342.25,0,1.67,0,햄버거,,img/noimg.jpg,,0
2173,"커피,여과액, 커피(버거킹)",100,160,0.3,0,0,0,1,0,0,0,햄버거,,img/noimg.jpg,,0
2174,케이준통샌드위치,100,237.34,0,15.98,0,1.5,469.54,0,3.7,0,햄버거,,img/noimg.jpg,,0
2175,"콜라,다이어트콜라, 다이어트(R)(버거킹)",100,4,0.3,0,0,0,0,0,0,0,햄버거,,img/noimg.jpg,,0
2176,"콜라,일반콜라, 코카콜라(R)(버거킹)",100,150,18.6,0,0,0,0,0,0,0,햄버거,,img/noimg.jpg,,0
2177,쿼터파운더치즈,100,266.48,0,16.68,0,2.84,492.15,0,7.08,0,햄버거,,img/noimg.jpg,,0
2178,쿼터파운더치즈버거,197,1030.31,0,61.07,0,13.79,2066.53,0,29.55,0,햄버거,,img/noimg.jpg,,0
2179,타바스코맛샌드위치,155,494.45,55.8,40.61,11.78,13.48,581.25,1,3.1,0,햄버거,,img/noimg.jpg,,0
2180,텐더그릴치킨,173,646.33,0,26.93,0,13.69,1517.7,0,14.01,0,햄버거,,img/noimg.jpg,,0
2181,텐더그릴치킨버거,100,219.36,0,11.3,0,4.65,373.05,0,4.07,0,햄버거,,img/noimg.jpg,,0
2182,"토마토 치즈버거",181,655.22,0,30.77,0,14.48,1538.5,0,14.48,0,햄버거,,img/noimg.jpg,,0
2183,"토마토케첩,토마토케첩, 케첩(버거킹)",100,107,0,0,0,0,1286,0,0,0,햄버거,,img/noimg.jpg,,0
2184,통새우버거,100,199.59,0,6.7,0,4.33,360.27,0,1.89,0,햄버거,,img/noimg.jpg,,0
2185,트위스터,169,664.9,61.41,27.7,34.27,1.86,2876.09,52,10.85,0,햄버거,,img/noimg.jpg,,0
2186,"파이,사과파이, 애플파이(버거킹)",100,266,19.5,2.7,13.3,0,204,0,0,0,햄버거,,img/noimg.jpg,,0
2187,한우불고기주니어,180,734.62,0,31.74,0,13.73,1684.97,0,15.88,0,햄버거,,img/noimg.jpg,,0
2188,핫크리스피버거,190,955.7,0,41.8,0,9.5,1765.1,0,13.87,0,햄버거,,img/noimg.jpg,,0
2189,"해쉬브라운,해쉬브라운, 해쉬브라운(버거킹)",100,320,0,2.7,20,0,587,0,0,0,햄버거,,img/noimg.jpg,,0
2190,햄버거,100,254,0,13,0,6,509,0,4,0,햄버거,,img/noimg.jpg,,0
2191,햄버거,121,370.26,38.72,20.57,14.52,7.62,620.73,52,7.38,0,햄버거,,img/noimg.jpg,,0
2192,"햄버거,일반버거, 더블와퍼(버거킹)",100,264,2.3,14,16.9,0,281,0,0,0,햄버거,,img/noimg.jpg,,0
2193,"햄버거,일반버거, 와퍼(버거킹)",100,244,3,10.7,14.8,0,333,0,0,0,햄버거,,img/noimg.jpg,,0
2194,"햄버거,일반버거, 와퍼쥬니어(버거킹)",100,253,3.2,12,15.2,0,335,0,0,0,햄버거,,img/noimg.jpg,,0
2195,"햄버거,일반버거, 햄버거(버거킹)",100,267,3.3,15.8,12.5,0,433,0,0,0,햄버거,,img/noimg.jpg,,0
2196,"햄버거,치즈버거, 베이컨더블치즈버거(버거킹)",100,301,2.4,19.9,18.4,0,597,0,0,0,햄버거,,img/noimg.jpg,,0
2197,"햄버거,치즈버거, 치즈버거(버거킹)",100,271,3,15.8,14.3,0,571,0,0,0,햄버거,,img/noimg.jpg,,0
2198,"햄버거,치즈버거, 치즈와퍼햄버거(버거킹)",100,258,2.7,11.9,16.3,0,468,0,0,0,햄버거,,img/noimg.jpg,,0
2199,"햄버거,치킨버거, 치킨버거(버거킹)",100,310,1.7,11.4,18.8,0,611,0,0,0,햄버거,,img/noimg.jpg,,0
2200,"햄버거,치킨버거, 치킨와퍼(버거킹)",100,215,2,11.7,10.5,0,429,0,0,0,햄버거,,img/noimg.jpg,,0
2201,"햄버거,휘시버거, BK휘시휠레햄버거(버거킹)",100,286,1.6,9.1,17.1,0,468,0,0,0,햄버거,,img/noimg.jpg,,0
2202,"후렌치후라이,가공품, 일반,후렌치후라이(L)(버거킹)",100,347,0,2.9,17.6,0,694,0,0,0,햄버거,,img/noimg.jpg,,0
2203,"후렌치후라이,가공품, 일반,후렌치후라이(R)(버거킹)",100,345,0,2.6,18.1,0,707,0,0,0,햄버거,,img/noimg.jpg,,0
2204,휠레샌드위치,195,764.4,62.4,41.53,38.61,14.23,916.5,3,7.8,0,햄버거,,img/noimg.jpg,,0
2205,"2in1(한우불고기+밤스위트골드) F",169,737.26,0,47.02,0,9.46,482.16,0,12.34,0,피자,,img/noimg.jpg,,0
2206,"2in1(한우불고기+밤스위트골드) L",156,662.84,0,39.89,0,6.07,363.07,0,12.14,0,피자,,img/noimg.jpg,,0
2207,"2in1(한우불고기+밤스위트골드) R",117,382.55,0,23.45,0,3.35,210.32,0,6.84,0,피자,,img/noimg.jpg,,0
2208,"SOME(썸)  로스트 치킨파오(L)",195,811.2,0,46.8,0,19.5,1684.8,0,17.55,0,피자,,img/noimg.jpg,,0
2209,"SOME(썸)  로스트 치킨파오(M)",105,247.8,0,13.65,0,5.25,506.1,0,5.25,0,피자,,img/noimg.jpg,,0
2210,"SOME(썸) BBQ 콤보(L)",176,661.76,0,40.48,0,8.8,1351.68,0,14.08,0,피자,,img/noimg.jpg,,0
2211,"SOME(썸) BBQ 콤보(M)",181,731.24,0,45.25,0,9.05,1435.33,0,16.29,0,피자,,img/noimg.jpg,,0
2212,"SOME(썸) 더블 포테이토(L)",197,880.59,0,43.34,0,23.64,1546.45,0,15.76,0,피자,,img/noimg.jpg,,0
2213,"SOME(썸) 더블 포테이토(M)",106,265,0,12.72,0,6.36,457.92,0,5.3,0,피자,,img/noimg.jpg,,0
2214,"SOME(썸) 발사믹 로스트 비프(L)",181,611.78,0,41.63,0,9.05,1335.78,0,12.67,0,피자,,img/noimg.jpg,,0
2215,"SOME(썸) 발사믹 로스트 비프(M)",185,682.65,0,46.25,0,7.4,1439.3,0,14.8,0,피자,,img/noimg.jpg,,0
2216,"SOME(썸) 수퍼슈프림(L)",171,630.99,0,37.62,0,5.13,1332.09,0,15.39,0,피자,,img/noimg.jpg,,0
2217,"SOME(썸) 수퍼슈프림(M)",174,685.56,0,41.76,0,5.22,1405.92,0,15.66,0,피자,,img/noimg.jpg,,0
2218,"SOME(썸) 직화 불고기(L)",169,613.47,0,37.18,0,8.45,1167.79,0,13.52,0,피자,,img/noimg.jpg,,0
2219,"SOME(썸) 직화 불고기(M)",173,674.7,0,41.52,0,8.65,1249.06,0,15.57,0,피자,,img/noimg.jpg,,0
2220,"SOME(썸) 칠리 쉬림프(L)",169,566.15,0,38.87,0,11.83,1066.39,0,13.52,0,피자,,img/noimg.jpg,,0
2221,"SOME(썸) 칠리 쉬림프(M)",182,684.32,0,47.32,0,12.74,1266.72,0,14.56,0,피자,,img/noimg.jpg,,0
2222,"SOME(썸) 페퍼로니(L)",123,398.52,0,22.14,0,2.46,806.88,0,9.84,0,피자,,img/noimg.jpg,,0
2223,"SOME(썸) 페퍼로니(M)",132,459.36,0,26.4,0,2.64,888.36,0,11.88,0,피자,,img/noimg.jpg,,0
2224,"SOME(썸) 허니크림치즈(L)",124,446.4,0,22.32,0,8.68,667.12,0,14.88,0,피자,,img/noimg.jpg,,0
2225,"SOME(썸) 허니크림치즈(M)",136,533.12,0,27.2,0,8.16,803.76,0,16.32,0,피자,,img/noimg.jpg,,0
2226,"갈릭스테이크 (씬) M",100,237.76,0,16.68,0,3.23,415.82,0,5.91,0,피자,,img/noimg.jpg,,0
2227,"갈릭스테이크피자 (씬, L)",123,373.18,0,23.86,0,4,687.69,0,9.47,0,피자,,img/noimg.jpg,,0
2228,"갈릭스테이크피자 (씬, M)",128,433.79,0,28.54,0,5.07,762.62,0,11.78,0,피자,,img/noimg.jpg,,0
2229,"갈릭스테이크피자 (오리지널, L)",166,641.59,0,35.03,0,7.87,1201.01,0,11.45,0,피자,,img/noimg.jpg,,0
2230,"갈릭스테이크피자 (오리지널, M)",178,757.75,0,46.64,0,7.42,1444.65,0,14.95,0,피자,,img/noimg.jpg,,0
2231,"갈릭스테이크피자 씬L",144,537.12,0,31.68,0,10.08,804.96,0,12.96,0,피자,,img/noimg.jpg,,0
2232,"갈릭스테이크피자 씬XL",180,838.8,0,50.4,0,16.2,1256.4,0,19.8,0,피자,,img/noimg.jpg,,0
2233,"갈릭스테이크피자 팬L",182,848.12,0,50.96,0,9.1,1292.2,0,10.92,0,피자,,img/noimg.jpg,,0
2234,"갈릭치킨바베큐 피자",103,261,0,12.67,0,2.68,404.89,0,3.81,0,피자,,img/noimg.jpg,,0
2235,"감자피자 씬'XL",124,438.96,0,17.36,0,4.96,556.76,0,9.92,0,피자,,img/noimg.jpg,,0
2236,"감자피자 씬L",148,629,0,25.16,0,5.92,797.72,0,14.8,0,피자,,img/noimg.jpg,,0
2237,"감자피자 팬'XL",190,891.1,0,45.6,0,15.2,1476.3,0,15.2,0,피자,,img/noimg.jpg,,0
2238,"감자피자 팬L",152,570,0,28.88,0,9.12,943.92,0,10.64,0,피자,,img/noimg.jpg,,0
2239,"감자피자(씬) L",100,285.8,0,12.94,0,2.49,308.03,0,6.28,0,피자,,img/noimg.jpg,,0
2240,"게살몽땅(살사소스) 골드 L",166,644.39,0,22.96,0,10.01,671.99,0,14.22,0,피자,,img/noimg.jpg,,0
2241,"게살몽땅(살사소스) 골드 R",106,282.08,0,9.03,0,7,268.12,0,6.87,0,피자,,img/noimg.jpg,,0
2242,"게살몽땅(살사소스) 오리진 L",115,304.61,0,10.43,0,3.97,292.31,0,5.77,0,피자,,img/noimg.jpg,,0
2243,"게살몽땅(살사소스) 오리진 R",182,827.78,0,24.94,0,19.67,706.83,0,17.97,0,피자,,img/noimg.jpg,,0
2244,"게살몽땅(살사소스)_Premium gold pizza_L",134,421.42,41.42,13.87,19.81,5.58,431.69,24,9,1,피자,,img/noimg.jpg,,0
2245,"게살몽땅(살사소스)_Premium gold pizza_R",104,252.08,26.35,9.43,10.84,5.31,318.54,12,4.34,0,피자,,img/noimg.jpg,,0
2246,"게살몽땅(살사소스)_Premium orgin pizza_L",107,272.32,26.28,11.43,10.4,5.26,370.83,9,4.57,0,피자,,img/noimg.jpg,,0
2247,"게살몽땅(살사소스)_Premium orgin pizza_R",170,704,69.65,25.43,26.01,13.87,908.33,26,10.98,1,피자,,img/noimg.jpg,,0
2248,"게살통통피자 씬'XL",132,451.44,0,21.12,0,7.92,931.92,0,10.56,0,피자,,img/noimg.jpg,,0
2249,"게살통통피자 씬L",158,649.38,0,31.6,0,11.06,1338.26,0,14.22,0,피자,,img/noimg.jpg,,0
2250,"게살통통피자 팬L",163,616.14,0,32.6,0,13.04,1325.19,0,4.89,0,피자,,img/noimg.jpg,,0
2251,"고구마 바이트 피자",119,351.41,0,10.83,0,8.45,781.59,0,5.12,0,피자,,img/noimg.jpg,,0
2252,"고구마 피자",197,977.71,0,28.37,0,20.49,2160.7,0,11.23,0,피자,,img/noimg.jpg,,0
2253,고구마(레귤러2조각),155,664.17,0,34.1,0,8.99,997.11,0,13.48,0,피자,,img/noimg.jpg,,0
2254,고구마(스크린),104,323.13,0,18.72,0,4.99,496.5,0,6.97,0,피자,,img/noimg.jpg,,0
2255,고구마무스바이트(L),131,406.1,0,18.34,0,13.1,615.7,0,6.55,0,피자,,img/noimg.jpg,,0
2256,고구마피자,100,243.81,0,9.19,0,7.59,301.23,0,2.46,0,피자,,img/noimg.jpg,,0
2257,고구마피자,197,973.18,0,28.25,0,20.49,2159.12,0,11.27,0,피자,,img/noimg.jpg,,0
2258,"고구마피자 L",104,272.48,0,10.4,0,8.32,446.16,0,3.12,0,피자,,img/noimg.jpg,,0
2259,"고구마피자 M",178,802.78,0,23.14,0,19.58,993.24,0,7.12,0,피자,,img/noimg.jpg,,0
2260,"고구마피자 씬'XL",134,570.84,0,18.76,0,10.72,600.32,0,10.72,0,피자,,img/noimg.jpg,,0
2261,"고구마피자 씬L",161,824.32,0,27.37,0,16.1,866.18,0,16.1,0,피자,,img/noimg.jpg,,0
2262,"고구마피자 팬'XL",103,280.16,0,13.39,0,5.15,372.86,0,5.15,0,피자,,img/noimg.jpg,,0
2263,"고구마피자 팬L",166,722.1,0,36.52,0,13.28,962.8,0,11.62,0,피자,,img/noimg.jpg,,0
2264,"고구마피자(라이스골드) F",187,837.69,0,48.12,0,15.18,484.78,0,13.09,0,피자,,img/noimg.jpg,,0
2265,"고구마피자(라이스골드) L",175,776.74,0,41.72,0,10.83,403.58,0,13.07,0,피자,,img/noimg.jpg,,0
2266,"고구마피자(라이스골드) R",130,441.67,0,24.09,0,5.71,221.43,0,7.27,0,피자,,img/noimg.jpg,,0
2267,"고구마피자(라이스바이트) F",195,943.1,0,49.08,0,14.2,690.3,0,13.26,0,피자,,img/noimg.jpg,,0
2268,"고구마피자(라이스바이트) L",185,878.69,0,45.9,0,13.88,349.08,0,6.11,0,피자,,img/noimg.jpg,,0
2269,"고구마피자(라이스바이트) R",147,570.87,0,28.64,0,8.44,193.66,0,3.38,0,피자,,img/noimg.jpg,,0
2270,"고구마피자(백미) L",121,258.66,0,10.51,0,5.14,189.82,0,3.36,0,피자,,img/noimg.jpg,,0
2271,"고구마피자(백미) R",197,703.23,0,24.74,0,11.5,418.78,0,7.31,0,피자,,img/noimg.jpg,,0
2272,"고구마피자(석쇠) F",144,498.41,0,26.78,0,9.1,288.12,0,4.98,0,피자,,img/noimg.jpg,,0
2273,"고구마피자(석쇠) L",130,409.33,0,21.93,0,7.41,238.68,0,4.04,0,피자,,img/noimg.jpg,,0
2274,"고구마피자(석쇠) R",177,765.19,0,40.94,0,13.58,442.32,0,7.38,0,피자,,img/noimg.jpg,,0
2275,"고구마피자(씬) L",100,296.09,0,13,0,4.42,285.16,0,6.68,0,피자,,img/noimg.jpg,,0
2276,"고구마피자(치즈크러스트) F",157,597.35,0,33.57,0,9.89,358.96,0,7.79,0,피자,,img/noimg.jpg,,0
2277,"고구마피자(치즈크러스트) L",155,606.69,0,34.01,0,9.39,341.96,0,7.49,0,피자,,img/noimg.jpg,,0
2278,"고구마피자(치즈크러스트) R",117,356.6,0,20.19,0,5.03,191.49,0,4.48,0,피자,,img/noimg.jpg,,0
2279,"고구마피자(팬) F",154,588.93,0,31.55,0,10.27,315.96,0,5.42,0,피자,,img/noimg.jpg,,0
2280,"고구마피자(팬) L",138,472.1,0,25.23,0,8.24,258.64,0,4.35,0,피자,,img/noimg.jpg,,0
2281,"고구마피자(팬) R",187,876.3,0,46.77,0,15,476.83,0,7.91,0,피자,,img/noimg.jpg,,0
2282,"고구마피자(흑미) L",121,265.44,0,10.84,0,5.36,189.82,0,3.36,0,피자,,img/noimg.jpg,,0
2283,"고구마피자(흑미) R",197,726.77,0,26.65,0,12.41,418.78,0,7.31,0,피자,,img/noimg.jpg,,0
2284,곤졸라(스크린),101,291.14,47.04,9.31,7.26,3.68,289.1,0,6.85,0,피자,,img/noimg.jpg,,0
2285,곤졸라(치크),120,413.83,43.01,23.56,16.31,5.32,766.68,0,8.73,0,피자,,img/noimg.jpg,,0
2286,곤졸라(팬),105,302.47,40.1,18.26,7.67,3.93,403.37,0,4.94,0,피자,,img/noimg.jpg,,0
2287,곤졸라(피타),66,155.37,11.91,8.98,7.98,1.97,181.9,0,5.09,0,피자,,img/noimg.jpg,,0
2288,곤졸라(피타2조각),133,626.18,48,36.18,32.16,7.93,733.1,0,20.53,0,피자,,img/noimg.jpg,,0
2289,"골드 고구마 피자",127,402.84,0,13.46,0,8.89,891.16,0,6.48,0,피자,,img/noimg.jpg,,0
2290,"골드 고구마 피자 L",100,231.82,0,13.32,0,4.76,417.32,0,3.45,0,피자,,img/noimg.jpg,,0
2291,"골드 불고기 피자",118,344.68,0,11.33,0,6.02,859.87,0,5.55,0,피자,,img/noimg.jpg,,0
2292,"골드 불고기 피자 L",100,228.78,0,13.14,0,4.26,508.69,0,3.24,0,피자,,img/noimg.jpg,,0
2293,"골드 스테이크불갈비 피자",123,380.56,0,17.59,0,7.26,850.79,0,8.36,0,피자,,img/noimg.jpg,,0
2294,"골드 스테이크불갈비 피자 L",100,228.57,0,13.53,0,4.51,516.49,0,3.69,0,피자,,img/noimg.jpg,,0
2295,"골드 야채 피자",111,302.48,0,17.32,0,6.33,651.46,0,5.99,0,피자,,img/noimg.jpg,,0
2296,"골드 이탈리안치즈 피자",109,326.56,0,16.68,0,1.85,785.56,0,6.54,0,피자,,img/noimg.jpg,,0
2297,"골드 콤비네이션 피자",117,333.92,0,17.67,0,5.97,773.96,0,6.79,0,피자,,img/noimg.jpg,,0
2298,"골드 콤비네이션 피자 L",100,222.28,0,13.4,0,4.4,442.82,0,2.65,0,피자,,img/noimg.jpg,,0
2299,"골드 텐더치킨 피자",126,415.8,0,18.14,0,8.19,903.04,0,7.43,0,피자,,img/noimg.jpg,,0
2300,"골드 텐더치킨 피자 L",100,237.82,0,13.49,0,4.27,475.56,0,2.52,0,피자,,img/noimg.jpg,,0
2301,"골드 페파로니 피자",114,372.89,0,16.76,0,6.38,799.25,0,7.18,0,피자,,img/noimg.jpg,,0
2302,"골드 포테이토 피자",125,404.12,0,14.62,0,6,735.25,0,7.38,0,피자,,img/noimg.jpg,,0
2303,"골드 포테이토 피자 L",100,231.3,0,13.01,0,3.43,428.77,0,2.94,0,피자,,img/noimg.jpg,,0
2304,골드스파이치킨피자,126,415.8,0,18.09,0,8.23,903.04,0,7.4,0,피자,,img/noimg.jpg,,0
2305,골드큐브(스크린),137,510.52,62.23,21.64,19.45,11.86,709.87,0,10.04,0,피자,,img/noimg.jpg,,0
2306,골드큐브(치크),169,793.54,71.01,45.33,36.42,15.96,1546.8,0,12.85,0,피자,,img/noimg.jpg,,0
2307,골드큐브(팬),151,623.55,79.65,24.77,22.88,13.07,849.52,0,10.74,0,피자,,img/noimg.jpg,,0
2308,골드큐브(피타),122,469.86,37.21,22.74,25.56,9.03,550.32,0,14.2,0,피자,,img/noimg.jpg,,0
2309,"골드텐더&쉬림프 피자",128,390.78,0,17.92,0,5.63,816,0,7.42,0,피자,,img/noimg.jpg,,0
2310,골드포테이토피자,123,400.98,0,18.76,0,7.07,775.27,0,6.24,0,피자,,img/noimg.jpg,,0
2311,골든고구마(L),113,305.1,0,12.43,0,10.17,361.6,0,4.97,0,피자,,img/noimg.jpg,,0
2312,골든고구마(M),104,265.2,0,11.44,0,8.32,332.8,0,4.58,0,피자,,img/noimg.jpg,,0
2313,골든고구마(킹),213,1065,0,40.47,0,40.47,1278,0,17.04,0,피자,,img/noimg.jpg,,0
2314,골든고구마피자,79,166.69,0,7.11,0,4.74,181.7,0,2.37,0,피자,,img/noimg.jpg,,0
2315,골든궁중떡갈비(L),116,330.6,0,16.24,0,9.28,545.2,0,6.96,0,피자,,img/noimg.jpg,,0
2316,골든궁중떡갈비(M),104,254.8,0,11.44,0,7.28,405.6,0,3.95,0,피자,,img/noimg.jpg,,0
2317,골든단갈릭(L),149,469.35,0,25.33,0,14.9,700.3,0,7.45,0,피자,,img/noimg.jpg,,0
2318,골든단갈릭(M),134,395.3,0,22.78,0,10.72,603,0,6.7,0,피자,,img/noimg.jpg,,0
2319,골든단호박카사(L),126,384.3,0,13.86,0,10.08,579.6,0,6.3,0,피자,,img/noimg.jpg,,0
2320,골든단호박카사(M),147,470.4,0,16.17,0,16.17,676.2,0,7.35,0,피자,,img/noimg.jpg,,0
2321,골든리치킨바베큐(L),133,405.65,0,19.95,0,13.3,665,0,6.65,0,피자,,img/noimg.jpg,,0
2322,골든리치킨바비큐(M),133,432.25,0,18.62,0,14.63,638.4,0,7.98,0,피자,,img/noimg.jpg,,0
2323,골든베이컨(L),109,294.3,0,15.26,0,7.63,457.8,0,6.54,0,피자,,img/noimg.jpg,,0
2324,골든베이컨(M),107,288.9,0,7.49,0,7.49,438.7,0,6.42,0,피자,,img/noimg.jpg,,0
2325,골든베이컨(킹),205,1025,0,51.25,0,28.7,1599,0,20.5,0,피자,,img/noimg.jpg,,0
2326,골든베이컨포테이토(L),125,387.5,0,18.75,0,7.5,550,0,7.5,0,피자,,img/noimg.jpg,,0
2327,골든베이컨포테이토(M),124,378.2,0,8.68,0,7.44,533.2,0,7.44,0,피자,,img/noimg.jpg,,0
2328,골든베이컨피자,78,161.46,0,10.14,0,3.12,251.94,0,3.12,0,피자,,img/noimg.jpg,,0
2329,골든불갈비(L),118,324.5,0,17.7,0,9.44,507.4,0,4.37,0,피자,,img/noimg.jpg,,0
2330,골든불갈비(M),116,313.2,0,8.12,0,9.28,487.2,0,4.29,0,피자,,img/noimg.jpg,,0
2331,골든불갈비(킹),222,1110,0,57.72,0,37.74,1776,0,13.32,0,피자,,img/noimg.jpg,,0
2332,골든불갈비피자,79,163.53,0,8.69,0,3.16,295.46,0,3.16,0,피자,,img/noimg.jpg,,0
2333,골든불고기(L),164,656,0,32.8,0,19.68,869.2,0,11.48,0,피자,,img/noimg.jpg,,0
2334,골든불고기(M),162,648,0,14.58,0,19.44,826.2,0,11.34,0,피자,,img/noimg.jpg,,0
2335,골든불고기(킹),155,573.5,0,26.35,0,18.6,759.5,0,9.3,0,피자,,img/noimg.jpg,,0
2336,골든불고기피자,77,154,0,6.93,0,3.08,208.67,0,3.08,0,피자,,img/noimg.jpg,,0
2337,골든빅4랑(L),125,387.5,0,18.75,0,10,625,0,7.5,0,피자,,img/noimg.jpg,,0
2338,골든빅4랑피자,114,329.46,0,16.53,0,7.98,506.16,0,5.7,0,피자,,img/noimg.jpg,,0
2339,골든쉬림프(L),118,318.6,0,18.88,0,7.08,625.4,0,7.08,0,피자,,img/noimg.jpg,,0
2340,골든쉬림프(M),117,315.9,0,8.19,0,7.02,596.7,0,7.02,0,피자,,img/noimg.jpg,,0
2341,골든쉬림프(킹),224,1108.8,0,62.72,0,26.88,2195.2,0,22.4,0,피자,,img/noimg.jpg,,0
2342,골든쉬림프바베큐감자피자,91,183.37,0,7.74,0,2.73,262.54,0,2.28,0,피자,,img/noimg.jpg,,0
2343,골든쉬림프바비큐(L),131,399.55,0,19.65,0,9.17,759.8,0,7.86,0,피자,,img/noimg.jpg,,0
2344,골든쉬림프바비큐(M),129,393.45,0,9.03,0,9.03,722.4,0,7.74,0,피자,,img/noimg.jpg,,0
2345,골든슈퍼콤비(L),111,305.25,0,15.54,0,7.77,399.6,0,5.55,0,피자,,img/noimg.jpg,,0
2346,골든슈퍼콤비(M),112,308,0,14.56,0,8.96,403.2,0,6.72,0,피자,,img/noimg.jpg,,0
2347,골든슈퍼콤비(킹),200,1000,0,46,0,26,1400,0,18,0,피자,,img/noimg.jpg,,0
2348,골든슈퍼콤비피자,76,151.24,0,8.36,0,2.28,272.84,0,2.28,0,피자,,img/noimg.jpg,,0
2349,"골든스위트피자 (씬, L)",124,436.36,0,19.96,0,12.26,625.08,0,15.38,0,피자,,img/noimg.jpg,,0
2350,"골든스위트피자 (씬, M)",147,651.06,0,30.87,0,18.17,983.87,0,20.87,0,피자,,img/noimg.jpg,,0
2351,"골든스위트피자 (오리지널, L)",168,672.84,0,35.95,0,16.9,1072.01,0,11.09,0,피자,,img/noimg.jpg,,0
2352,"골든스위트피자 (오리지널, M)",199,1067.83,0,49.15,0,26.9,1586.83,0,18.91,0,피자,,img/noimg.jpg,,0
2353,골든스위티치킨(L),124,334.8,0,17.36,0,12.4,483.6,0,5.7,0,피자,,img/noimg.jpg,,0
2354,골든스위티치킨(M),122,329.4,0,8.54,0,12.2,463.6,0,5.49,0,피자,,img/noimg.jpg,,0
2355,골든스위티치킨(킹),234,1158.3,0,58.5,0,49.14,1684.8,0,18.72,0,피자,,img/noimg.jpg,,0
2356,골든야채피자,81,162.81,0,8.1,0,3.24,219.51,0,3.24,0,피자,,img/noimg.jpg,,0
2357,골든치즈(킹),182,928.2,0,45.5,0,20.02,1092,0,20.02,0,피자,,img/noimg.jpg,,0
2358,골든치즈피자,73,140.89,0,9.49,0,2.92,220.46,0,2.19,0,피자,,img/noimg.jpg,,0
2359,골든카사바피자,94,206.8,0,6.58,0,4.7,300.8,0,2.82,0,피자,,img/noimg.jpg,,0
2360,골든크런치포테이토피자,93,257.61,0,9.3,0,2.79,320.85,0,6.51,0,피자,,img/noimg.jpg,,0
2361,골든통고구마피자,76,156.56,0,5.32,0,3.8,224.96,0,2.28,0,피자,,img/noimg.jpg,,0
2362,골든트리플스윗피자,72,146.16,0,5.76,0,2.16,175.68,0,2.88,0,피자,,img/noimg.jpg,,0
2363,골든페페로니(L),181,886.9,0,36.2,0,21.72,1140.3,0,16.29,0,피자,,img/noimg.jpg,,0
2364,골든페페로니(M),179,868.15,0,16.11,0,21.48,1109.8,0,16.11,0,피자,,img/noimg.jpg,,0
2365,골든페페로니(킹),71,319.5,0,12.78,0,9.23,418.9,0,5.68,0,피자,,img/noimg.jpg,,0
2366,골든페페로니피자,77,154.77,0,6.93,0,3.08,260.26,0,3.08,0,피자,,img/noimg.jpg,,0
2367,골든포테이토(L),108,275.4,0,12.96,0,6.48,324,0,4.86,0,피자,,img/noimg.jpg,,0
2368,골든포테이토(M),116,324.8,0,16.24,0,6.96,406,0,5.8,0,피자,,img/noimg.jpg,,0
2369,골든포테이토(킹),203,933.8,0,42.63,0,26.39,1136.8,0,16.24,0,피자,,img/noimg.jpg,,0
2370,골든포테이토피자,83,170.15,0,9.13,0,3.32,229.08,0,2.49,0,피자,,img/noimg.jpg,,0
2371,골든포테이토휠레(L),126,390.6,0,20.16,0,10.08,617.4,0,7.56,0,피자,,img/noimg.jpg,,0
2372,골든포테이토휠레(M),124,384.4,0,8.68,0,9.92,595.2,0,7.44,0,피자,,img/noimg.jpg,,0
2373,골든하아이언피자,73,144.54,0,7.3,0,6.57,200.02,0,2.19,0,피자,,img/noimg.jpg,,0
2374,골든핫치킨(L),117,345.15,0,17.55,0,9.36,549.9,0,7.02,0,피자,,img/noimg.jpg,,0
2375,골든핫치킨(M),115,448.5,0,8.05,0,9.2,517.5,0,6.9,0,피자,,img/noimg.jpg,,0
2376,골든핫치킨(킹),220,1188,0,57.2,0,35.2,1914,0,24.2,0,피자,,img/noimg.jpg,,0
2377,골든핫치킨피자,86,180.6,0,9.46,0,4.3,317.34,0,2.58,0,피자,,img/noimg.jpg,,0
2378,"그릴드포테이토피자 (씬, L)",118,337.36,0,17.11,0,1.25,398.49,0,8.85,0,피자,,img/noimg.jpg,,0
2379,"그릴드포테이토피자 (씬, M)",131,415.66,0,23.84,0,1.31,540.77,0,11.53,0,피자,,img/noimg.jpg,,0
2380,"그릴드포테이토피자 (오리지널, L)",158,559.64,0,30.81,0,5.77,681.14,0,10.11,0,피자,,img/noimg.jpg,,0
2381,"그릴드포테이토피자 (오리지널, M)",179,729.42,0,35.8,0,2.47,899.12,0,12.53,0,피자,,img/noimg.jpg,,0
2382,"그릴환타지 피자 냉동생지도우",138,517.5,0,27.6,0,8.28,993.6,0,9.66,0,피자,,img/noimg.jpg,,0
2383,"그릴환타지 피자 생지도우",141,523.11,0,29.61,0,8.46,958.8,0,9.87,0,피자,,img/noimg.jpg,,0
2384,"까르보네 피자",184,883.2,149.04,40.48,12.88,20.24,1251.2,9,9.02,0,피자,,img/noimg.jpg,,0
2385,까르보네피자,100,246.65,0,14.01,0,2.67,411.45,0,2.82,0,피자,,img/noimg.jpg,,0
2386,깐쇼새우피자,108,351,0,16.2,0,6.48,615.6,0,4.86,0,피자,,img/noimg.jpg,,0
2387,나폴리피자,190,1007,0,41.8,0,28.5,1463,0,22.8,0,피자,,img/noimg.jpg,,0
2388,"뉴욕스페셜 오리진 L",106,288.12,0,14.26,0,5.27,462.05,0,5.05,0,피자,,img/noimg.jpg,,0
2389,"뉴욕스페셜 오리진 R",163,660.61,0,34.27,0,10.12,988.92,0,12.33,0,피자,,img/noimg.jpg,,0
2390,"뉴욕스페셜 치즈캡 L",118,354.77,0,19.02,0,5.86,614.7,0,6.57,0,피자,,img/noimg.jpg,,0
2391,"뉴욕스페셜 치즈캡 R",187,862.76,0,49.01,0,11.61,1443.74,0,17.05,0,피자,,img/noimg.jpg,,0
2392,"단팥크러스트피자 L",195,867.75,0,40.95,0,15.6,1501.5,0,11.11,0,피자,,img/noimg.jpg,,0
2393,"단팥크러스트피자 M",137,424.7,0,21.92,0,8.22,726.1,0,6.3,0,피자,,img/noimg.jpg,,0
2394,단호박피자,185,810.3,0,50.28,0,17.06,1638.55,0,89.87,0,피자,,img/noimg.jpg,,0
2395,"단호박피자 L",108,243,0,8.64,0,9.72,421.2,0,2.16,0,피자,,img/noimg.jpg,,0
2396,"단호박피자 M",160,536,0,16,0,19.2,784,0,4.8,0,피자,,img/noimg.jpg,,0
2397,"단호박피자(라이스골드) F",179,812.61,0,45.5,0,14.86,498.43,0,12.55,0,피자,,img/noimg.jpg,,0
2398,"단호박피자(라이스골드) L",169,761.19,0,39.83,0,10.83,341.3,0,12.68,0,피자,,img/noimg.jpg,,0
2399,"단호박피자(라이스골드) R",126,433.59,0,23.12,0,5.72,190.54,0,7.07,0,피자,,img/noimg.jpg,,0
2400,"단호박피자(라이스바이트) F",187,915.63,0,46.49,0,13.93,697.9,0,12.73,0,피자,,img/noimg.jpg,,0
2401,"단호박피자(라이스바이트) L",179,861.94,0,43.94,0,13.82,286.44,0,5.96,0,피자,,img/noimg.jpg,,0
2402,"단호박피자(라이스바이트) R",143,561.59,0,27.6,0,8.42,161.05,0,3.32,0,피자,,img/noimg.jpg,,0
2403,"단호박피자(백미) L",115,253.38,0,9.69,0,5.15,147.43,0,3.22,0,피자,,img/noimg.jpg,,0
2404,"단호박피자(백미) R",189,691.21,0,23.08,0,11.6,329.5,0,7.07,0,피자,,img/noimg.jpg,,0
2405,"단호박피자(석쇠) F",137,482.42,0,25.06,0,8.89,300.43,0,4.75,0,피자,,img/noimg.jpg,,0
2406,"단호박피자(석쇠) L",124,398.57,0,20.6,0,7.35,192.11,0,3.88,0,피자,,img/noimg.jpg,,0
2407,"단호박피자(석쇠) R",169,745.37,0,38.5,0,13.47,357.72,0,7.1,0,피자,,img/noimg.jpg,,0
2408,"단호박피자(치즈크러스트) F",150,579.72,0,31.6,0,9.7,371.77,0,7.45,0,피자,,img/noimg.jpg,,0
2409,"단호박피자(치즈크러스트) L",149,592.98,0,32.3,0,9.36,285.99,0,7.24,0,피자,,img/noimg.jpg,,0
2410,"단호박피자(치즈크러스트) R",113,349.36,0,19.31,0,5.03,163.34,0,4.35,0,피자,,img/noimg.jpg,,0
